vid,region_1s,frame_num,reg_num
AL38_Adult_Slinky,pre_boundary,208,-30
AL38_Adult_Slinky,pre_boundary,209,-29
AL38_Adult_Slinky,pre_boundary,210,-28
AL38_Adult_Slinky,pre_boundary,211,-27
AL38_Adult_Slinky,pre_boundary,212,-26
AL38_Adult_Slinky,pre_boundary,213,-25
AL38_Adult_Slinky,pre_boundary,214,-24
AL38_Adult_Slinky,pre_boundary,215,-23
AL38_Adult_Slinky,pre_boundary,216,-22
AL38_Adult_Slinky,pre_boundary,217,-21
AL38_Adult_Slinky,pre_boundary,218,-20
AL38_Adult_Slinky,pre_boundary,219,-19
AL38_Adult_Slinky,pre_boundary,220,-18
AL38_Adult_Slinky,pre_boundary,221,-17
AL38_Adult_Slinky,pre_boundary,222,-16
AL38_Adult_Slinky,pre_boundary,223,-15
AL38_Adult_Slinky,pre_boundary,224,-14
AL38_Adult_Slinky,pre_boundary,225,-13
AL38_Adult_Slinky,pre_boundary,226,-12
AL38_Adult_Slinky,pre_boundary,227,-11
AL38_Adult_Slinky,pre_boundary,228,-10
AL38_Adult_Slinky,pre_boundary,229,-9
AL38_Adult_Slinky,pre_boundary,230,-8
AL38_Adult_Slinky,pre_boundary,231,-7
AL38_Adult_Slinky,pre_boundary,232,-6
AL38_Adult_Slinky,pre_boundary,233,-5
AL38_Adult_Slinky,pre_boundary,234,-4
AL38_Adult_Slinky,pre_boundary,235,-3
AL38_Adult_Slinky,pre_boundary,236,-2
AL38_Adult_Slinky,pre_boundary,237,-1
AL38_Adult_Slinky,boundary,238,0
AL38_Adult_Slinky,boundary,239,1
AL38_Adult_Slinky,boundary,240,2
AL38_Adult_Slinky,boundary,241,3
AL38_Adult_Slinky,boundary,242,4
AL38_Adult_Slinky,boundary,243,5
AL38_Adult_Slinky,boundary,244,6
AL38_Adult_Slinky,boundary,245,7
AL38_Adult_Slinky,boundary,246,8
AL38_Adult_Slinky,boundary,247,9
AL38_Adult_Slinky,boundary,248,10
AL38_Adult_Slinky,boundary,249,11
AL38_Adult_Slinky,boundary,250,12
AL38_Adult_Slinky,boundary,251,13
AL38_Adult_Slinky,boundary,252,14
AL38_Adult_Slinky,boundary,253,15
AL38_Adult_Slinky,boundary,254,16
AL38_Adult_Slinky,boundary,255,17
AL38_Adult_Slinky,boundary,256,18
AL38_Adult_Slinky,boundary,257,19
AL38_Adult_Slinky,boundary,258,20
AL38_Adult_Slinky,boundary,259,21
AL38_Adult_Slinky,boundary,260,22
AL38_Adult_Slinky,boundary,261,23
AL38_Adult_Slinky,boundary,262,24
AL38_Adult_Slinky,boundary,263,25
AL38_Adult_Slinky,boundary,264,26
AL38_Adult_Slinky,boundary,265,27
AL38_Adult_Slinky,boundary,266,28
AL38_Adult_Slinky,boundary,267,29
AL38_Adult_Slinky,post_boundary,268,30
AL38_Adult_Slinky,post_boundary,269,31
AL38_Adult_Slinky,post_boundary,270,32
AL38_Adult_Slinky,post_boundary,271,33
AL38_Adult_Slinky,post_boundary,272,34
AL38_Adult_Slinky,post_boundary,273,35
AL38_Adult_Slinky,post_boundary,274,36
AL38_Adult_Slinky,post_boundary,275,37
AL38_Adult_Slinky,post_boundary,276,38
AL38_Adult_Slinky,post_boundary,277,39
AL38_Adult_Slinky,post_boundary,278,40
AL38_Adult_Slinky,post_boundary,279,41
AL38_Adult_Slinky,post_boundary,280,42
AL38_Adult_Slinky,post_boundary,281,43
AL38_Adult_Slinky,post_boundary,282,44
AL38_Adult_Slinky,post_boundary,283,45
AL38_Adult_Slinky,post_boundary,284,46
AL38_Adult_Slinky,post_boundary,285,47
AL38_Adult_Slinky,post_boundary,286,48
AL38_Adult_Slinky,post_boundary,287,49
AL38_Adult_Slinky,post_boundary,288,50
AL38_Adult_Slinky,post_boundary,289,51
AL38_Adult_Slinky,post_boundary,290,52
AL38_Adult_Slinky,post_boundary,291,53
AL38_Adult_Slinky,post_boundary,292,54
AL38_Adult_Slinky,post_boundary,293,55
AL38_Adult_Slinky,post_boundary,294,56
AL38_Adult_Slinky,post_boundary,295,57
AL38_Adult_Slinky,post_boundary,296,58
AL38_Adult_Slinky,post_boundary,297,59
AL38_Infant_Slinky,pre_boundary,210,-30
AL38_Infant_Slinky,pre_boundary,211,-29
AL38_Infant_Slinky,pre_boundary,212,-28
AL38_Infant_Slinky,pre_boundary,213,-27
AL38_Infant_Slinky,pre_boundary,214,-26
AL38_Infant_Slinky,pre_boundary,215,-25
AL38_Infant_Slinky,pre_boundary,216,-24
AL38_Infant_Slinky,pre_boundary,217,-23
AL38_Infant_Slinky,pre_boundary,218,-22
AL38_Infant_Slinky,pre_boundary,219,-21
AL38_Infant_Slinky,pre_boundary,220,-20
AL38_Infant_Slinky,pre_boundary,221,-19
AL38_Infant_Slinky,pre_boundary,222,-18
AL38_Infant_Slinky,pre_boundary,223,-17
AL38_Infant_Slinky,pre_boundary,224,-16
AL38_Infant_Slinky,pre_boundary,225,-15
AL38_Infant_Slinky,pre_boundary,226,-14
AL38_Infant_Slinky,pre_boundary,227,-13
AL38_Infant_Slinky,pre_boundary,228,-12
AL38_Infant_Slinky,pre_boundary,229,-11
AL38_Infant_Slinky,pre_boundary,230,-10
AL38_Infant_Slinky,pre_boundary,231,-9
AL38_Infant_Slinky,pre_boundary,232,-8
AL38_Infant_Slinky,pre_boundary,233,-7
AL38_Infant_Slinky,pre_boundary,234,-6
AL38_Infant_Slinky,pre_boundary,235,-5
AL38_Infant_Slinky,pre_boundary,236,-4
AL38_Infant_Slinky,pre_boundary,237,-3
AL38_Infant_Slinky,pre_boundary,238,-2
AL38_Infant_Slinky,pre_boundary,239,-1
AL38_Infant_Slinky,boundary,240,0
AL38_Infant_Slinky,boundary,241,1
AL38_Infant_Slinky,boundary,242,2
AL38_Infant_Slinky,boundary,243,3
AL38_Infant_Slinky,boundary,244,4
AL38_Infant_Slinky,boundary,245,5
AL38_Infant_Slinky,boundary,246,6
AL38_Infant_Slinky,boundary,247,7
AL38_Infant_Slinky,boundary,248,8
AL38_Infant_Slinky,boundary,249,9
AL38_Infant_Slinky,boundary,250,10
AL38_Infant_Slinky,boundary,251,11
AL38_Infant_Slinky,boundary,252,12
AL38_Infant_Slinky,boundary,253,13
AL38_Infant_Slinky,boundary,254,14
AL38_Infant_Slinky,boundary,255,15
AL38_Infant_Slinky,boundary,256,16
AL38_Infant_Slinky,boundary,257,17
AL38_Infant_Slinky,boundary,258,18
AL38_Infant_Slinky,boundary,259,19
AL38_Infant_Slinky,boundary,260,20
AL38_Infant_Slinky,boundary,261,21
AL38_Infant_Slinky,boundary,262,22
AL38_Infant_Slinky,boundary,263,23
AL38_Infant_Slinky,boundary,264,24
AL38_Infant_Slinky,boundary,265,25
AL38_Infant_Slinky,boundary,266,26
AL38_Infant_Slinky,boundary,267,27
AL38_Infant_Slinky,boundary,268,28
AL38_Infant_Slinky,boundary,269,29
AL38_Infant_Slinky,post_boundary,270,30
AL38_Infant_Slinky,post_boundary,271,31
AL38_Infant_Slinky,post_boundary,272,32
AL38_Infant_Slinky,post_boundary,273,33
AL38_Infant_Slinky,post_boundary,274,34
AL38_Infant_Slinky,post_boundary,275,35
AL38_Infant_Slinky,post_boundary,276,36
AL38_Infant_Slinky,post_boundary,277,37
AL38_Infant_Slinky,post_boundary,278,38
AL38_Infant_Slinky,post_boundary,279,39
AL38_Infant_Slinky,post_boundary,280,40
AL38_Infant_Slinky,post_boundary,281,41
AL38_Infant_Slinky,post_boundary,282,42
AL38_Infant_Slinky,post_boundary,283,43
AL38_Infant_Slinky,post_boundary,284,44
AL38_Infant_Slinky,post_boundary,285,45
AL38_Infant_Slinky,post_boundary,286,46
AL38_Infant_Slinky,post_boundary,287,47
AL38_Infant_Slinky,post_boundary,288,48
AL38_Infant_Slinky,post_boundary,289,49
AL38_Infant_Slinky,post_boundary,290,50
AL38_Infant_Slinky,post_boundary,291,51
AL38_Infant_Slinky,post_boundary,292,52
AL38_Infant_Slinky,post_boundary,293,53
AL38_Infant_Slinky,post_boundary,294,54
AL38_Infant_Slinky,post_boundary,295,55
AL38_Infant_Slinky,post_boundary,296,56
AL38_Infant_Slinky,post_boundary,297,57
AL38_Infant_Slinky,post_boundary,298,58
AL38_Infant_Slinky,post_boundary,299,59
CN14_Adult_StickyBall,pre_boundary,238,-30
CN14_Adult_StickyBall,pre_boundary,239,-29
CN14_Adult_StickyBall,pre_boundary,240,-28
CN14_Adult_StickyBall,pre_boundary,241,-27
CN14_Adult_StickyBall,pre_boundary,242,-26
CN14_Adult_StickyBall,pre_boundary,243,-25
CN14_Adult_StickyBall,pre_boundary,244,-24
CN14_Adult_StickyBall,pre_boundary,245,-23
CN14_Adult_StickyBall,pre_boundary,246,-22
CN14_Adult_StickyBall,pre_boundary,247,-21
CN14_Adult_StickyBall,pre_boundary,248,-20
CN14_Adult_StickyBall,pre_boundary,249,-19
CN14_Adult_StickyBall,pre_boundary,250,-18
CN14_Adult_StickyBall,pre_boundary,251,-17
CN14_Adult_StickyBall,pre_boundary,252,-16
CN14_Adult_StickyBall,pre_boundary,253,-15
CN14_Adult_StickyBall,pre_boundary,254,-14
CN14_Adult_StickyBall,pre_boundary,255,-13
CN14_Adult_StickyBall,pre_boundary,256,-12
CN14_Adult_StickyBall,pre_boundary,257,-11
CN14_Adult_StickyBall,pre_boundary,258,-10
CN14_Adult_StickyBall,pre_boundary,259,-9
CN14_Adult_StickyBall,pre_boundary,260,-8
CN14_Adult_StickyBall,pre_boundary,261,-7
CN14_Adult_StickyBall,pre_boundary,262,-6
CN14_Adult_StickyBall,pre_boundary,263,-5
CN14_Adult_StickyBall,pre_boundary,264,-4
CN14_Adult_StickyBall,pre_boundary,265,-3
CN14_Adult_StickyBall,pre_boundary,266,-2
CN14_Adult_StickyBall,pre_boundary,267,-1
CN14_Adult_StickyBall,boundary,268,0
CN14_Adult_StickyBall,boundary,269,1
CN14_Adult_StickyBall,boundary,270,2
CN14_Adult_StickyBall,boundary,271,3
CN14_Adult_StickyBall,boundary,272,4
CN14_Adult_StickyBall,boundary,273,5
CN14_Adult_StickyBall,boundary,274,6
CN14_Adult_StickyBall,boundary,275,7
CN14_Adult_StickyBall,boundary,276,8
CN14_Adult_StickyBall,boundary,277,9
CN14_Adult_StickyBall,boundary,278,10
CN14_Adult_StickyBall,boundary,279,11
CN14_Adult_StickyBall,boundary,280,12
CN14_Adult_StickyBall,boundary,281,13
CN14_Adult_StickyBall,boundary,282,14
CN14_Adult_StickyBall,boundary,283,15
CN14_Adult_StickyBall,boundary,284,16
CN14_Adult_StickyBall,boundary,285,17
CN14_Adult_StickyBall,boundary,286,18
CN14_Adult_StickyBall,boundary,287,19
CN14_Adult_StickyBall,boundary,288,20
CN14_Adult_StickyBall,boundary,289,21
CN14_Adult_StickyBall,boundary,290,22
CN14_Adult_StickyBall,boundary,291,23
CN14_Adult_StickyBall,boundary,292,24
CN14_Adult_StickyBall,boundary,293,25
CN14_Adult_StickyBall,boundary,294,26
CN14_Adult_StickyBall,boundary,295,27
CN14_Adult_StickyBall,boundary,296,28
CN14_Adult_StickyBall,boundary,297,29
CN14_Adult_StickyBall,post_boundary,298,30
CN14_Adult_StickyBall,post_boundary,299,31
CN14_Adult_StickyBall,post_boundary,300,32
CN14_Adult_StickyBall,post_boundary,301,33
CN14_Adult_StickyBall,post_boundary,302,34
CN14_Adult_StickyBall,post_boundary,303,35
CN14_Adult_StickyBall,post_boundary,304,36
CN14_Adult_StickyBall,post_boundary,305,37
CN14_Adult_StickyBall,post_boundary,306,38
CN14_Adult_StickyBall,post_boundary,307,39
CN14_Adult_StickyBall,post_boundary,308,40
CN14_Adult_StickyBall,post_boundary,309,41
CN14_Adult_StickyBall,post_boundary,310,42
CN14_Adult_StickyBall,post_boundary,311,43
CN14_Adult_StickyBall,post_boundary,312,44
CN14_Adult_StickyBall,post_boundary,313,45
CN14_Adult_StickyBall,post_boundary,314,46
CN14_Adult_StickyBall,post_boundary,315,47
CN14_Adult_StickyBall,post_boundary,316,48
CN14_Adult_StickyBall,post_boundary,317,49
CN14_Adult_StickyBall,post_boundary,318,50
CN14_Adult_StickyBall,post_boundary,319,51
CN14_Adult_StickyBall,post_boundary,320,52
CN14_Adult_StickyBall,post_boundary,321,53
CN14_Adult_StickyBall,post_boundary,322,54
CN14_Adult_StickyBall,post_boundary,323,55
CN14_Adult_StickyBall,post_boundary,324,56
CN14_Adult_StickyBall,post_boundary,325,57
CN14_Adult_StickyBall,post_boundary,326,58
CN14_Adult_StickyBall,post_boundary,327,59
CN14_Infant_StickyBall,pre_boundary,239,-30
CN14_Infant_StickyBall,pre_boundary,240,-29
CN14_Infant_StickyBall,pre_boundary,241,-28
CN14_Infant_StickyBall,pre_boundary,242,-27
CN14_Infant_StickyBall,pre_boundary,243,-26
CN14_Infant_StickyBall,pre_boundary,244,-25
CN14_Infant_StickyBall,pre_boundary,245,-24
CN14_Infant_StickyBall,pre_boundary,246,-23
CN14_Infant_StickyBall,pre_boundary,247,-22
CN14_Infant_StickyBall,pre_boundary,248,-21
CN14_Infant_StickyBall,pre_boundary,249,-20
CN14_Infant_StickyBall,pre_boundary,250,-19
CN14_Infant_StickyBall,pre_boundary,251,-18
CN14_Infant_StickyBall,pre_boundary,252,-17
CN14_Infant_StickyBall,pre_boundary,253,-16
CN14_Infant_StickyBall,pre_boundary,254,-15
CN14_Infant_StickyBall,pre_boundary,255,-14
CN14_Infant_StickyBall,pre_boundary,256,-13
CN14_Infant_StickyBall,pre_boundary,257,-12
CN14_Infant_StickyBall,pre_boundary,258,-11
CN14_Infant_StickyBall,pre_boundary,259,-10
CN14_Infant_StickyBall,pre_boundary,260,-9
CN14_Infant_StickyBall,pre_boundary,261,-8
CN14_Infant_StickyBall,pre_boundary,262,-7
CN14_Infant_StickyBall,pre_boundary,263,-6
CN14_Infant_StickyBall,pre_boundary,264,-5
CN14_Infant_StickyBall,pre_boundary,265,-4
CN14_Infant_StickyBall,pre_boundary,266,-3
CN14_Infant_StickyBall,pre_boundary,267,-2
CN14_Infant_StickyBall,pre_boundary,268,-1
CN14_Infant_StickyBall,boundary,269,0
CN14_Infant_StickyBall,boundary,270,1
CN14_Infant_StickyBall,boundary,271,2
CN14_Infant_StickyBall,boundary,272,3
CN14_Infant_StickyBall,boundary,273,4
CN14_Infant_StickyBall,boundary,274,5
CN14_Infant_StickyBall,boundary,275,6
CN14_Infant_StickyBall,boundary,276,7
CN14_Infant_StickyBall,boundary,277,8
CN14_Infant_StickyBall,boundary,278,9
CN14_Infant_StickyBall,boundary,279,10
CN14_Infant_StickyBall,boundary,280,11
CN14_Infant_StickyBall,boundary,281,12
CN14_Infant_StickyBall,boundary,282,13
CN14_Infant_StickyBall,boundary,283,14
CN14_Infant_StickyBall,boundary,284,15
CN14_Infant_StickyBall,boundary,285,16
CN14_Infant_StickyBall,boundary,286,17
CN14_Infant_StickyBall,boundary,287,18
CN14_Infant_StickyBall,boundary,288,19
CN14_Infant_StickyBall,boundary,289,20
CN14_Infant_StickyBall,boundary,290,21
CN14_Infant_StickyBall,boundary,291,22
CN14_Infant_StickyBall,boundary,292,23
CN14_Infant_StickyBall,boundary,293,24
CN14_Infant_StickyBall,boundary,294,25
CN14_Infant_StickyBall,boundary,295,26
CN14_Infant_StickyBall,boundary,296,27
CN14_Infant_StickyBall,boundary,297,28
CN14_Infant_StickyBall,boundary,298,29
CN14_Infant_StickyBall,post_boundary,299,30
CN14_Infant_StickyBall,post_boundary,300,31
CN14_Infant_StickyBall,post_boundary,301,32
CN14_Infant_StickyBall,post_boundary,302,33
CN14_Infant_StickyBall,post_boundary,303,34
CN14_Infant_StickyBall,post_boundary,304,35
CN14_Infant_StickyBall,post_boundary,305,36
CN14_Infant_StickyBall,post_boundary,306,37
CN14_Infant_StickyBall,post_boundary,307,38
CN14_Infant_StickyBall,post_boundary,308,39
CN14_Infant_StickyBall,post_boundary,309,40
CN14_Infant_StickyBall,post_boundary,310,41
CN14_Infant_StickyBall,post_boundary,311,42
CN14_Infant_StickyBall,post_boundary,312,43
CN14_Infant_StickyBall,post_boundary,313,44
CN14_Infant_StickyBall,post_boundary,314,45
CN14_Infant_StickyBall,post_boundary,315,46
CN14_Infant_StickyBall,post_boundary,316,47
CN14_Infant_StickyBall,post_boundary,317,48
CN14_Infant_StickyBall,post_boundary,318,49
CN14_Infant_StickyBall,post_boundary,319,50
CN14_Infant_StickyBall,post_boundary,320,51
CN14_Infant_StickyBall,post_boundary,321,52
CN14_Infant_StickyBall,post_boundary,322,53
CN14_Infant_StickyBall,post_boundary,323,54
CN14_Infant_StickyBall,post_boundary,324,55
CN14_Infant_StickyBall,post_boundary,325,56
CN14_Infant_StickyBall,post_boundary,326,57
CN14_Infant_StickyBall,post_boundary,327,58
CN14_Infant_StickyBall,post_boundary,328,59
HH09_Adult_TwistyGlasses,pre_boundary,258,-30
HH09_Adult_TwistyGlasses,pre_boundary,259,-29
HH09_Adult_TwistyGlasses,pre_boundary,260,-28
HH09_Adult_TwistyGlasses,pre_boundary,261,-27
HH09_Adult_TwistyGlasses,pre_boundary,262,-26
HH09_Adult_TwistyGlasses,pre_boundary,263,-25
HH09_Adult_TwistyGlasses,pre_boundary,264,-24
HH09_Adult_TwistyGlasses,pre_boundary,265,-23
HH09_Adult_TwistyGlasses,pre_boundary,266,-22
HH09_Adult_TwistyGlasses,pre_boundary,267,-21
HH09_Adult_TwistyGlasses,pre_boundary,268,-20
HH09_Adult_TwistyGlasses,pre_boundary,269,-19
HH09_Adult_TwistyGlasses,pre_boundary,270,-18
HH09_Adult_TwistyGlasses,pre_boundary,271,-17
HH09_Adult_TwistyGlasses,pre_boundary,272,-16
HH09_Adult_TwistyGlasses,pre_boundary,273,-15
HH09_Adult_TwistyGlasses,pre_boundary,274,-14
HH09_Adult_TwistyGlasses,pre_boundary,275,-13
HH09_Adult_TwistyGlasses,pre_boundary,276,-12
HH09_Adult_TwistyGlasses,pre_boundary,277,-11
HH09_Adult_TwistyGlasses,pre_boundary,278,-10
HH09_Adult_TwistyGlasses,pre_boundary,279,-9
HH09_Adult_TwistyGlasses,pre_boundary,280,-8
HH09_Adult_TwistyGlasses,pre_boundary,281,-7
HH09_Adult_TwistyGlasses,pre_boundary,282,-6
HH09_Adult_TwistyGlasses,pre_boundary,283,-5
HH09_Adult_TwistyGlasses,pre_boundary,284,-4
HH09_Adult_TwistyGlasses,pre_boundary,285,-3
HH09_Adult_TwistyGlasses,pre_boundary,286,-2
HH09_Adult_TwistyGlasses,pre_boundary,287,-1
HH09_Adult_TwistyGlasses,boundary,288,0
HH09_Adult_TwistyGlasses,boundary,289,1
HH09_Adult_TwistyGlasses,boundary,290,2
HH09_Adult_TwistyGlasses,boundary,291,3
HH09_Adult_TwistyGlasses,boundary,292,4
HH09_Adult_TwistyGlasses,boundary,293,5
HH09_Adult_TwistyGlasses,boundary,294,6
HH09_Adult_TwistyGlasses,boundary,295,7
HH09_Adult_TwistyGlasses,boundary,296,8
HH09_Adult_TwistyGlasses,boundary,297,9
HH09_Adult_TwistyGlasses,boundary,298,10
HH09_Adult_TwistyGlasses,boundary,299,11
HH09_Adult_TwistyGlasses,boundary,300,12
HH09_Adult_TwistyGlasses,boundary,301,13
HH09_Adult_TwistyGlasses,boundary,302,14
HH09_Adult_TwistyGlasses,boundary,303,15
HH09_Adult_TwistyGlasses,boundary,304,16
HH09_Adult_TwistyGlasses,boundary,305,17
HH09_Adult_TwistyGlasses,boundary,306,18
HH09_Adult_TwistyGlasses,boundary,307,19
HH09_Adult_TwistyGlasses,boundary,308,20
HH09_Adult_TwistyGlasses,boundary,309,21
HH09_Adult_TwistyGlasses,boundary,310,22
HH09_Adult_TwistyGlasses,boundary,311,23
HH09_Adult_TwistyGlasses,boundary,312,24
HH09_Adult_TwistyGlasses,boundary,313,25
HH09_Adult_TwistyGlasses,boundary,314,26
HH09_Adult_TwistyGlasses,boundary,315,27
HH09_Adult_TwistyGlasses,boundary,316,28
HH09_Adult_TwistyGlasses,boundary,317,29
HH09_Adult_TwistyGlasses,post_boundary,318,30
HH09_Adult_TwistyGlasses,post_boundary,319,31
HH09_Adult_TwistyGlasses,post_boundary,320,32
HH09_Adult_TwistyGlasses,post_boundary,321,33
HH09_Adult_TwistyGlasses,post_boundary,322,34
HH09_Adult_TwistyGlasses,post_boundary,323,35
HH09_Adult_TwistyGlasses,post_boundary,324,36
HH09_Adult_TwistyGlasses,post_boundary,325,37
HH09_Adult_TwistyGlasses,post_boundary,326,38
HH09_Adult_TwistyGlasses,post_boundary,327,39
HH09_Adult_TwistyGlasses,post_boundary,328,40
HH09_Adult_TwistyGlasses,post_boundary,329,41
HH09_Adult_TwistyGlasses,post_boundary,330,42
HH09_Adult_TwistyGlasses,post_boundary,331,43
HH09_Adult_TwistyGlasses,post_boundary,332,44
HH09_Adult_TwistyGlasses,post_boundary,333,45
HH09_Adult_TwistyGlasses,post_boundary,334,46
HH09_Adult_TwistyGlasses,post_boundary,335,47
HH09_Adult_TwistyGlasses,post_boundary,336,48
HH09_Adult_TwistyGlasses,post_boundary,337,49
HH09_Adult_TwistyGlasses,post_boundary,338,50
HH09_Adult_TwistyGlasses,post_boundary,339,51
HH09_Adult_TwistyGlasses,post_boundary,340,52
HH09_Adult_TwistyGlasses,post_boundary,341,53
HH09_Adult_TwistyGlasses,post_boundary,342,54
HH09_Adult_TwistyGlasses,post_boundary,343,55
HH09_Adult_TwistyGlasses,post_boundary,344,56
HH09_Adult_TwistyGlasses,post_boundary,345,57
HH09_Adult_TwistyGlasses,post_boundary,346,58
HH09_Adult_TwistyGlasses,post_boundary,347,59
HH09_Infant_TwistyGlasses,pre_boundary,268,-30
HH09_Infant_TwistyGlasses,pre_boundary,269,-29
HH09_Infant_TwistyGlasses,pre_boundary,270,-28
HH09_Infant_TwistyGlasses,pre_boundary,271,-27
HH09_Infant_TwistyGlasses,pre_boundary,272,-26
HH09_Infant_TwistyGlasses,pre_boundary,273,-25
HH09_Infant_TwistyGlasses,pre_boundary,274,-24
HH09_Infant_TwistyGlasses,pre_boundary,275,-23
HH09_Infant_TwistyGlasses,pre_boundary,276,-22
HH09_Infant_TwistyGlasses,pre_boundary,277,-21
HH09_Infant_TwistyGlasses,pre_boundary,278,-20
HH09_Infant_TwistyGlasses,pre_boundary,279,-19
HH09_Infant_TwistyGlasses,pre_boundary,280,-18
HH09_Infant_TwistyGlasses,pre_boundary,281,-17
HH09_Infant_TwistyGlasses,pre_boundary,282,-16
HH09_Infant_TwistyGlasses,pre_boundary,283,-15
HH09_Infant_TwistyGlasses,pre_boundary,284,-14
HH09_Infant_TwistyGlasses,pre_boundary,285,-13
HH09_Infant_TwistyGlasses,pre_boundary,286,-12
HH09_Infant_TwistyGlasses,pre_boundary,287,-11
HH09_Infant_TwistyGlasses,pre_boundary,288,-10
HH09_Infant_TwistyGlasses,pre_boundary,289,-9
HH09_Infant_TwistyGlasses,pre_boundary,290,-8
HH09_Infant_TwistyGlasses,pre_boundary,291,-7
HH09_Infant_TwistyGlasses,pre_boundary,292,-6
HH09_Infant_TwistyGlasses,pre_boundary,293,-5
HH09_Infant_TwistyGlasses,pre_boundary,294,-4
HH09_Infant_TwistyGlasses,pre_boundary,295,-3
HH09_Infant_TwistyGlasses,pre_boundary,296,-2
HH09_Infant_TwistyGlasses,pre_boundary,297,-1
HH09_Infant_TwistyGlasses,boundary,298,0
HH09_Infant_TwistyGlasses,boundary,299,1
HH09_Infant_TwistyGlasses,boundary,300,2
HH09_Infant_TwistyGlasses,boundary,301,3
HH09_Infant_TwistyGlasses,boundary,302,4
HH09_Infant_TwistyGlasses,boundary,303,5
HH09_Infant_TwistyGlasses,boundary,304,6
HH09_Infant_TwistyGlasses,boundary,305,7
HH09_Infant_TwistyGlasses,boundary,306,8
HH09_Infant_TwistyGlasses,boundary,307,9
HH09_Infant_TwistyGlasses,boundary,308,10
HH09_Infant_TwistyGlasses,boundary,309,11
HH09_Infant_TwistyGlasses,boundary,310,12
HH09_Infant_TwistyGlasses,boundary,311,13
HH09_Infant_TwistyGlasses,boundary,312,14
HH09_Infant_TwistyGlasses,boundary,313,15
HH09_Infant_TwistyGlasses,boundary,314,16
HH09_Infant_TwistyGlasses,boundary,315,17
HH09_Infant_TwistyGlasses,boundary,316,18
HH09_Infant_TwistyGlasses,boundary,317,19
HH09_Infant_TwistyGlasses,boundary,318,20
HH09_Infant_TwistyGlasses,boundary,319,21
HH09_Infant_TwistyGlasses,boundary,320,22
HH09_Infant_TwistyGlasses,boundary,321,23
HH09_Infant_TwistyGlasses,boundary,322,24
HH09_Infant_TwistyGlasses,boundary,323,25
HH09_Infant_TwistyGlasses,boundary,324,26
HH09_Infant_TwistyGlasses,boundary,325,27
HH09_Infant_TwistyGlasses,boundary,326,28
HH09_Infant_TwistyGlasses,boundary,327,29
HH09_Infant_TwistyGlasses,post_boundary,328,30
HH09_Infant_TwistyGlasses,post_boundary,329,31
HH09_Infant_TwistyGlasses,post_boundary,330,32
HH09_Infant_TwistyGlasses,post_boundary,331,33
HH09_Infant_TwistyGlasses,post_boundary,332,34
HH09_Infant_TwistyGlasses,post_boundary,333,35
HH09_Infant_TwistyGlasses,post_boundary,334,36
HH09_Infant_TwistyGlasses,post_boundary,335,37
HH09_Infant_TwistyGlasses,post_boundary,336,38
HH09_Infant_TwistyGlasses,post_boundary,337,39
HH09_Infant_TwistyGlasses,post_boundary,338,40
HH09_Infant_TwistyGlasses,post_boundary,339,41
HH09_Infant_TwistyGlasses,post_boundary,340,42
HH09_Infant_TwistyGlasses,post_boundary,341,43
HH09_Infant_TwistyGlasses,post_boundary,342,44
HH09_Infant_TwistyGlasses,post_boundary,343,45
HH09_Infant_TwistyGlasses,post_boundary,344,46
HH09_Infant_TwistyGlasses,post_boundary,345,47
HH09_Infant_TwistyGlasses,post_boundary,346,48
HH09_Infant_TwistyGlasses,post_boundary,347,49
HH09_Infant_TwistyGlasses,post_boundary,348,50
HH09_Infant_TwistyGlasses,post_boundary,349,51
HH09_Infant_TwistyGlasses,post_boundary,350,52
HH09_Infant_TwistyGlasses,post_boundary,351,53
HH09_Infant_TwistyGlasses,post_boundary,352,54
HH09_Infant_TwistyGlasses,post_boundary,353,55
HH09_Infant_TwistyGlasses,post_boundary,354,56
HH09_Infant_TwistyGlasses,post_boundary,355,57
HH09_Infant_TwistyGlasses,post_boundary,356,58
HH09_Infant_TwistyGlasses,post_boundary,357,59
OH29_Adult_MassageRoller,pre_boundary,264,-30
OH29_Adult_MassageRoller,pre_boundary,265,-29
OH29_Adult_MassageRoller,pre_boundary,266,-28
OH29_Adult_MassageRoller,pre_boundary,267,-27
OH29_Adult_MassageRoller,pre_boundary,268,-26
OH29_Adult_MassageRoller,pre_boundary,269,-25
OH29_Adult_MassageRoller,pre_boundary,270,-24
OH29_Adult_MassageRoller,pre_boundary,271,-23
OH29_Adult_MassageRoller,pre_boundary,272,-22
OH29_Adult_MassageRoller,pre_boundary,273,-21
OH29_Adult_MassageRoller,pre_boundary,274,-20
OH29_Adult_MassageRoller,pre_boundary,275,-19
OH29_Adult_MassageRoller,pre_boundary,276,-18
OH29_Adult_MassageRoller,pre_boundary,277,-17
OH29_Adult_MassageRoller,pre_boundary,278,-16
OH29_Adult_MassageRoller,pre_boundary,279,-15
OH29_Adult_MassageRoller,pre_boundary,280,-14
OH29_Adult_MassageRoller,pre_boundary,281,-13
OH29_Adult_MassageRoller,pre_boundary,282,-12
OH29_Adult_MassageRoller,pre_boundary,283,-11
OH29_Adult_MassageRoller,pre_boundary,284,-10
OH29_Adult_MassageRoller,pre_boundary,285,-9
OH29_Adult_MassageRoller,pre_boundary,286,-8
OH29_Adult_MassageRoller,pre_boundary,287,-7
OH29_Adult_MassageRoller,pre_boundary,288,-6
OH29_Adult_MassageRoller,pre_boundary,289,-5
OH29_Adult_MassageRoller,pre_boundary,290,-4
OH29_Adult_MassageRoller,pre_boundary,291,-3
OH29_Adult_MassageRoller,pre_boundary,292,-2
OH29_Adult_MassageRoller,pre_boundary,293,-1
OH29_Adult_MassageRoller,boundary,294,0
OH29_Adult_MassageRoller,boundary,295,1
OH29_Adult_MassageRoller,boundary,296,2
OH29_Adult_MassageRoller,boundary,297,3
OH29_Adult_MassageRoller,boundary,298,4
OH29_Adult_MassageRoller,boundary,299,5
OH29_Adult_MassageRoller,boundary,300,6
OH29_Adult_MassageRoller,boundary,301,7
OH29_Adult_MassageRoller,boundary,302,8
OH29_Adult_MassageRoller,boundary,303,9
OH29_Adult_MassageRoller,boundary,304,10
OH29_Adult_MassageRoller,boundary,305,11
OH29_Adult_MassageRoller,boundary,306,12
OH29_Adult_MassageRoller,boundary,307,13
OH29_Adult_MassageRoller,boundary,308,14
OH29_Adult_MassageRoller,boundary,309,15
OH29_Adult_MassageRoller,boundary,310,16
OH29_Adult_MassageRoller,boundary,311,17
OH29_Adult_MassageRoller,boundary,312,18
OH29_Adult_MassageRoller,boundary,313,19
OH29_Adult_MassageRoller,boundary,314,20
OH29_Adult_MassageRoller,boundary,315,21
OH29_Adult_MassageRoller,boundary,316,22
OH29_Adult_MassageRoller,boundary,317,23
OH29_Adult_MassageRoller,boundary,318,24
OH29_Adult_MassageRoller,boundary,319,25
OH29_Adult_MassageRoller,boundary,320,26
OH29_Adult_MassageRoller,boundary,321,27
OH29_Adult_MassageRoller,boundary,322,28
OH29_Adult_MassageRoller,boundary,323,29
OH29_Adult_MassageRoller,post_boundary,324,30
OH29_Adult_MassageRoller,post_boundary,325,31
OH29_Adult_MassageRoller,post_boundary,326,32
OH29_Adult_MassageRoller,post_boundary,327,33
OH29_Adult_MassageRoller,post_boundary,328,34
OH29_Adult_MassageRoller,post_boundary,329,35
OH29_Adult_MassageRoller,post_boundary,330,36
OH29_Adult_MassageRoller,post_boundary,331,37
OH29_Adult_MassageRoller,post_boundary,332,38
OH29_Adult_MassageRoller,post_boundary,333,39
OH29_Adult_MassageRoller,post_boundary,334,40
OH29_Adult_MassageRoller,post_boundary,335,41
OH29_Adult_MassageRoller,post_boundary,336,42
OH29_Adult_MassageRoller,post_boundary,337,43
OH29_Adult_MassageRoller,post_boundary,338,44
OH29_Adult_MassageRoller,post_boundary,339,45
OH29_Adult_MassageRoller,post_boundary,340,46
OH29_Adult_MassageRoller,post_boundary,341,47
OH29_Adult_MassageRoller,post_boundary,342,48
OH29_Adult_MassageRoller,post_boundary,343,49
OH29_Adult_MassageRoller,post_boundary,344,50
OH29_Adult_MassageRoller,post_boundary,345,51
OH29_Adult_MassageRoller,post_boundary,346,52
OH29_Adult_MassageRoller,post_boundary,347,53
OH29_Adult_MassageRoller,post_boundary,348,54
OH29_Adult_MassageRoller,post_boundary,349,55
OH29_Adult_MassageRoller,post_boundary,350,56
OH29_Adult_MassageRoller,post_boundary,351,57
OH29_Adult_MassageRoller,post_boundary,352,58
OH29_Adult_MassageRoller,post_boundary,353,59
OH29_Infant_MassageRoller,pre_boundary,268,-30
OH29_Infant_MassageRoller,pre_boundary,269,-29
OH29_Infant_MassageRoller,pre_boundary,270,-28
OH29_Infant_MassageRoller,pre_boundary,271,-27
OH29_Infant_MassageRoller,pre_boundary,272,-26
OH29_Infant_MassageRoller,pre_boundary,273,-25
OH29_Infant_MassageRoller,pre_boundary,274,-24
OH29_Infant_MassageRoller,pre_boundary,275,-23
OH29_Infant_MassageRoller,pre_boundary,276,-22
OH29_Infant_MassageRoller,pre_boundary,277,-21
OH29_Infant_MassageRoller,pre_boundary,278,-20
OH29_Infant_MassageRoller,pre_boundary,279,-19
OH29_Infant_MassageRoller,pre_boundary,280,-18
OH29_Infant_MassageRoller,pre_boundary,281,-17
OH29_Infant_MassageRoller,pre_boundary,282,-16
OH29_Infant_MassageRoller,pre_boundary,283,-15
OH29_Infant_MassageRoller,pre_boundary,284,-14
OH29_Infant_MassageRoller,pre_boundary,285,-13
OH29_Infant_MassageRoller,pre_boundary,286,-12
OH29_Infant_MassageRoller,pre_boundary,287,-11
OH29_Infant_MassageRoller,pre_boundary,288,-10
OH29_Infant_MassageRoller,pre_boundary,289,-9
OH29_Infant_MassageRoller,pre_boundary,290,-8
OH29_Infant_MassageRoller,pre_boundary,291,-7
OH29_Infant_MassageRoller,pre_boundary,292,-6
OH29_Infant_MassageRoller,pre_boundary,293,-5
OH29_Infant_MassageRoller,pre_boundary,294,-4
OH29_Infant_MassageRoller,pre_boundary,295,-3
OH29_Infant_MassageRoller,pre_boundary,296,-2
OH29_Infant_MassageRoller,pre_boundary,297,-1
OH29_Infant_MassageRoller,boundary,298,0
OH29_Infant_MassageRoller,boundary,299,1
OH29_Infant_MassageRoller,boundary,300,2
OH29_Infant_MassageRoller,boundary,301,3
OH29_Infant_MassageRoller,boundary,302,4
OH29_Infant_MassageRoller,boundary,303,5
OH29_Infant_MassageRoller,boundary,304,6
OH29_Infant_MassageRoller,boundary,305,7
OH29_Infant_MassageRoller,boundary,306,8
OH29_Infant_MassageRoller,boundary,307,9
OH29_Infant_MassageRoller,boundary,308,10
OH29_Infant_MassageRoller,boundary,309,11
OH29_Infant_MassageRoller,boundary,310,12
OH29_Infant_MassageRoller,boundary,311,13
OH29_Infant_MassageRoller,boundary,312,14
OH29_Infant_MassageRoller,boundary,313,15
OH29_Infant_MassageRoller,boundary,314,16
OH29_Infant_MassageRoller,boundary,315,17
OH29_Infant_MassageRoller,boundary,316,18
OH29_Infant_MassageRoller,boundary,317,19
OH29_Infant_MassageRoller,boundary,318,20
OH29_Infant_MassageRoller,boundary,319,21
OH29_Infant_MassageRoller,boundary,320,22
OH29_Infant_MassageRoller,boundary,321,23
OH29_Infant_MassageRoller,boundary,322,24
OH29_Infant_MassageRoller,boundary,323,25
OH29_Infant_MassageRoller,boundary,324,26
OH29_Infant_MassageRoller,boundary,325,27
OH29_Infant_MassageRoller,boundary,326,28
OH29_Infant_MassageRoller,boundary,327,29
OH29_Infant_MassageRoller,post_boundary,328,30
OH29_Infant_MassageRoller,post_boundary,329,31
OH29_Infant_MassageRoller,post_boundary,330,32
OH29_Infant_MassageRoller,post_boundary,331,33
OH29_Infant_MassageRoller,post_boundary,332,34
OH29_Infant_MassageRoller,post_boundary,333,35
OH29_Infant_MassageRoller,post_boundary,334,36
OH29_Infant_MassageRoller,post_boundary,335,37
OH29_Infant_MassageRoller,post_boundary,336,38
OH29_Infant_MassageRoller,post_boundary,337,39
OH29_Infant_MassageRoller,post_boundary,338,40
OH29_Infant_MassageRoller,post_boundary,339,41
OH29_Infant_MassageRoller,post_boundary,340,42
OH29_Infant_MassageRoller,post_boundary,341,43
OH29_Infant_MassageRoller,post_boundary,342,44
OH29_Infant_MassageRoller,post_boundary,343,45
OH29_Infant_MassageRoller,post_boundary,344,46
OH29_Infant_MassageRoller,post_boundary,345,47
OH29_Infant_MassageRoller,post_boundary,346,48
OH29_Infant_MassageRoller,post_boundary,347,49
OH29_Infant_MassageRoller,post_boundary,348,50
OH29_Infant_MassageRoller,post_boundary,349,51
OH29_Infant_MassageRoller,post_boundary,350,52
OH29_Infant_MassageRoller,post_boundary,351,53
OH29_Infant_MassageRoller,post_boundary,352,54
OH29_Infant_MassageRoller,post_boundary,353,55
OH29_Infant_MassageRoller,post_boundary,354,56
OH29_Infant_MassageRoller,post_boundary,355,57
OH29_Infant_MassageRoller,post_boundary,356,58
OH29_Infant_MassageRoller,post_boundary,357,59
SA03_Adult_GreenTube,pre_boundary,324,-30
SA03_Adult_GreenTube,pre_boundary,325,-29
SA03_Adult_GreenTube,pre_boundary,326,-28
SA03_Adult_GreenTube,pre_boundary,327,-27
SA03_Adult_GreenTube,pre_boundary,328,-26
SA03_Adult_GreenTube,pre_boundary,329,-25
SA03_Adult_GreenTube,pre_boundary,330,-24
SA03_Adult_GreenTube,pre_boundary,331,-23
SA03_Adult_GreenTube,pre_boundary,332,-22
SA03_Adult_GreenTube,pre_boundary,333,-21
SA03_Adult_GreenTube,pre_boundary,334,-20
SA03_Adult_GreenTube,pre_boundary,335,-19
SA03_Adult_GreenTube,pre_boundary,336,-18
SA03_Adult_GreenTube,pre_boundary,337,-17
SA03_Adult_GreenTube,pre_boundary,338,-16
SA03_Adult_GreenTube,pre_boundary,339,-15
SA03_Adult_GreenTube,pre_boundary,340,-14
SA03_Adult_GreenTube,pre_boundary,341,-13
SA03_Adult_GreenTube,pre_boundary,342,-12
SA03_Adult_GreenTube,pre_boundary,343,-11
SA03_Adult_GreenTube,pre_boundary,344,-10
SA03_Adult_GreenTube,pre_boundary,345,-9
SA03_Adult_GreenTube,pre_boundary,346,-8
SA03_Adult_GreenTube,pre_boundary,347,-7
SA03_Adult_GreenTube,pre_boundary,348,-6
SA03_Adult_GreenTube,pre_boundary,349,-5
SA03_Adult_GreenTube,pre_boundary,350,-4
SA03_Adult_GreenTube,pre_boundary,351,-3
SA03_Adult_GreenTube,pre_boundary,352,-2
SA03_Adult_GreenTube,pre_boundary,353,-1
SA03_Adult_GreenTube,boundary,354,0
SA03_Adult_GreenTube,boundary,355,1
SA03_Adult_GreenTube,boundary,356,2
SA03_Adult_GreenTube,boundary,357,3
SA03_Adult_GreenTube,boundary,358,4
SA03_Adult_GreenTube,boundary,359,5
SA03_Adult_GreenTube,boundary,360,6
SA03_Adult_GreenTube,boundary,361,7
SA03_Adult_GreenTube,boundary,362,8
SA03_Adult_GreenTube,boundary,363,9
SA03_Adult_GreenTube,boundary,364,10
SA03_Adult_GreenTube,boundary,365,11
SA03_Adult_GreenTube,boundary,366,12
SA03_Adult_GreenTube,boundary,367,13
SA03_Adult_GreenTube,boundary,368,14
SA03_Adult_GreenTube,boundary,369,15
SA03_Adult_GreenTube,boundary,370,16
SA03_Adult_GreenTube,boundary,371,17
SA03_Adult_GreenTube,boundary,372,18
SA03_Adult_GreenTube,boundary,373,19
SA03_Adult_GreenTube,boundary,374,20
SA03_Adult_GreenTube,boundary,375,21
SA03_Adult_GreenTube,boundary,376,22
SA03_Adult_GreenTube,boundary,377,23
SA03_Adult_GreenTube,boundary,378,24
SA03_Adult_GreenTube,boundary,379,25
SA03_Adult_GreenTube,boundary,380,26
SA03_Adult_GreenTube,boundary,381,27
SA03_Adult_GreenTube,boundary,382,28
SA03_Adult_GreenTube,boundary,383,29
SA03_Adult_GreenTube,post_boundary,384,30
SA03_Adult_GreenTube,post_boundary,385,31
SA03_Adult_GreenTube,post_boundary,386,32
SA03_Adult_GreenTube,post_boundary,387,33
SA03_Adult_GreenTube,post_boundary,388,34
SA03_Adult_GreenTube,post_boundary,389,35
SA03_Adult_GreenTube,post_boundary,390,36
SA03_Adult_GreenTube,post_boundary,391,37
SA03_Adult_GreenTube,post_boundary,392,38
SA03_Adult_GreenTube,post_boundary,393,39
SA03_Adult_GreenTube,post_boundary,394,40
SA03_Adult_GreenTube,post_boundary,395,41
SA03_Adult_GreenTube,post_boundary,396,42
SA03_Adult_GreenTube,post_boundary,397,43
SA03_Adult_GreenTube,post_boundary,398,44
SA03_Adult_GreenTube,post_boundary,399,45
SA03_Adult_GreenTube,post_boundary,400,46
SA03_Adult_GreenTube,post_boundary,401,47
SA03_Adult_GreenTube,post_boundary,402,48
SA03_Adult_GreenTube,post_boundary,403,49
SA03_Adult_GreenTube,post_boundary,404,50
SA03_Adult_GreenTube,post_boundary,405,51
SA03_Adult_GreenTube,post_boundary,406,52
SA03_Adult_GreenTube,post_boundary,407,53
SA03_Adult_GreenTube,post_boundary,408,54
SA03_Adult_GreenTube,post_boundary,409,55
SA03_Adult_GreenTube,post_boundary,410,56
SA03_Adult_GreenTube,post_boundary,411,57
SA03_Adult_GreenTube,post_boundary,412,58
SA03_Adult_GreenTube,post_boundary,413,59
SA03_Infant_GreenTube,pre_boundary,272,-30
SA03_Infant_GreenTube,pre_boundary,273,-29
SA03_Infant_GreenTube,pre_boundary,274,-28
SA03_Infant_GreenTube,pre_boundary,275,-27
SA03_Infant_GreenTube,pre_boundary,276,-26
SA03_Infant_GreenTube,pre_boundary,277,-25
SA03_Infant_GreenTube,pre_boundary,278,-24
SA03_Infant_GreenTube,pre_boundary,279,-23
SA03_Infant_GreenTube,pre_boundary,280,-22
SA03_Infant_GreenTube,pre_boundary,281,-21
SA03_Infant_GreenTube,pre_boundary,282,-20
SA03_Infant_GreenTube,pre_boundary,283,-19
SA03_Infant_GreenTube,pre_boundary,284,-18
SA03_Infant_GreenTube,pre_boundary,285,-17
SA03_Infant_GreenTube,pre_boundary,286,-16
SA03_Infant_GreenTube,pre_boundary,287,-15
SA03_Infant_GreenTube,pre_boundary,288,-14
SA03_Infant_GreenTube,pre_boundary,289,-13
SA03_Infant_GreenTube,pre_boundary,290,-12
SA03_Infant_GreenTube,pre_boundary,291,-11
SA03_Infant_GreenTube,pre_boundary,292,-10
SA03_Infant_GreenTube,pre_boundary,293,-9
SA03_Infant_GreenTube,pre_boundary,294,-8
SA03_Infant_GreenTube,pre_boundary,295,-7
SA03_Infant_GreenTube,pre_boundary,296,-6
SA03_Infant_GreenTube,pre_boundary,297,-5
SA03_Infant_GreenTube,pre_boundary,298,-4
SA03_Infant_GreenTube,pre_boundary,299,-3
SA03_Infant_GreenTube,pre_boundary,300,-2
SA03_Infant_GreenTube,pre_boundary,301,-1
SA03_Infant_GreenTube,boundary,302,0
SA03_Infant_GreenTube,boundary,303,1
SA03_Infant_GreenTube,boundary,304,2
SA03_Infant_GreenTube,boundary,305,3
SA03_Infant_GreenTube,boundary,306,4
SA03_Infant_GreenTube,boundary,307,5
SA03_Infant_GreenTube,boundary,308,6
SA03_Infant_GreenTube,boundary,309,7
SA03_Infant_GreenTube,boundary,310,8
SA03_Infant_GreenTube,boundary,311,9
SA03_Infant_GreenTube,boundary,312,10
SA03_Infant_GreenTube,boundary,313,11
SA03_Infant_GreenTube,boundary,314,12
SA03_Infant_GreenTube,boundary,315,13
SA03_Infant_GreenTube,boundary,316,14
SA03_Infant_GreenTube,boundary,317,15
SA03_Infant_GreenTube,boundary,318,16
SA03_Infant_GreenTube,boundary,319,17
SA03_Infant_GreenTube,boundary,320,18
SA03_Infant_GreenTube,boundary,321,19
SA03_Infant_GreenTube,boundary,322,20
SA03_Infant_GreenTube,boundary,323,21
SA03_Infant_GreenTube,boundary,324,22
SA03_Infant_GreenTube,boundary,325,23
SA03_Infant_GreenTube,boundary,326,24
SA03_Infant_GreenTube,boundary,327,25
SA03_Infant_GreenTube,boundary,328,26
SA03_Infant_GreenTube,boundary,329,27
SA03_Infant_GreenTube,boundary,330,28
SA03_Infant_GreenTube,boundary,331,29
SA03_Infant_GreenTube,post_boundary,332,30
SA03_Infant_GreenTube,post_boundary,333,31
SA03_Infant_GreenTube,post_boundary,334,32
SA03_Infant_GreenTube,post_boundary,335,33
SA03_Infant_GreenTube,post_boundary,336,34
SA03_Infant_GreenTube,post_boundary,337,35
SA03_Infant_GreenTube,post_boundary,338,36
SA03_Infant_GreenTube,post_boundary,339,37
SA03_Infant_GreenTube,post_boundary,340,38
SA03_Infant_GreenTube,post_boundary,341,39
SA03_Infant_GreenTube,post_boundary,342,40
SA03_Infant_GreenTube,post_boundary,343,41
SA03_Infant_GreenTube,post_boundary,344,42
SA03_Infant_GreenTube,post_boundary,345,43
SA03_Infant_GreenTube,post_boundary,346,44
SA03_Infant_GreenTube,post_boundary,347,45
SA03_Infant_GreenTube,post_boundary,348,46
SA03_Infant_GreenTube,post_boundary,349,47
SA03_Infant_GreenTube,post_boundary,350,48
SA03_Infant_GreenTube,post_boundary,351,49
SA03_Infant_GreenTube,post_boundary,352,50
SA03_Infant_GreenTube,post_boundary,353,51
SA03_Infant_GreenTube,post_boundary,354,52
SA03_Infant_GreenTube,post_boundary,355,53
SA03_Infant_GreenTube,post_boundary,356,54
SA03_Infant_GreenTube,post_boundary,357,55
SA03_Infant_GreenTube,post_boundary,358,56
SA03_Infant_GreenTube,post_boundary,359,57
SA03_Infant_GreenTube,post_boundary,360,58
SA03_Infant_GreenTube,post_boundary,361,59
SF28_Adult_OballStacker,pre_boundary,443,-30
SF28_Adult_OballStacker,pre_boundary,444,-29
SF28_Adult_OballStacker,pre_boundary,445,-28
SF28_Adult_OballStacker,pre_boundary,446,-27
SF28_Adult_OballStacker,pre_boundary,447,-26
SF28_Adult_OballStacker,pre_boundary,448,-25
SF28_Adult_OballStacker,pre_boundary,449,-24
SF28_Adult_OballStacker,pre_boundary,450,-23
SF28_Adult_OballStacker,pre_boundary,451,-22
SF28_Adult_OballStacker,pre_boundary,452,-21
SF28_Adult_OballStacker,pre_boundary,453,-20
SF28_Adult_OballStacker,pre_boundary,454,-19
SF28_Adult_OballStacker,pre_boundary,455,-18
SF28_Adult_OballStacker,pre_boundary,456,-17
SF28_Adult_OballStacker,pre_boundary,457,-16
SF28_Adult_OballStacker,pre_boundary,458,-15
SF28_Adult_OballStacker,pre_boundary,459,-14
SF28_Adult_OballStacker,pre_boundary,460,-13
SF28_Adult_OballStacker,pre_boundary,461,-12
SF28_Adult_OballStacker,pre_boundary,462,-11
SF28_Adult_OballStacker,pre_boundary,463,-10
SF28_Adult_OballStacker,pre_boundary,464,-9
SF28_Adult_OballStacker,pre_boundary,465,-8
SF28_Adult_OballStacker,pre_boundary,466,-7
SF28_Adult_OballStacker,pre_boundary,467,-6
SF28_Adult_OballStacker,pre_boundary,468,-5
SF28_Adult_OballStacker,pre_boundary,469,-4
SF28_Adult_OballStacker,pre_boundary,470,-3
SF28_Adult_OballStacker,pre_boundary,471,-2
SF28_Adult_OballStacker,pre_boundary,472,-1
SF28_Adult_OballStacker,boundary,473,0
SF28_Adult_OballStacker,boundary,474,1
SF28_Adult_OballStacker,boundary,475,2
SF28_Adult_OballStacker,boundary,476,3
SF28_Adult_OballStacker,boundary,477,4
SF28_Adult_OballStacker,boundary,478,5
SF28_Adult_OballStacker,boundary,479,6
SF28_Adult_OballStacker,boundary,480,7
SF28_Adult_OballStacker,boundary,481,8
SF28_Adult_OballStacker,boundary,482,9
SF28_Adult_OballStacker,boundary,483,10
SF28_Adult_OballStacker,boundary,484,11
SF28_Adult_OballStacker,boundary,485,12
SF28_Adult_OballStacker,boundary,486,13
SF28_Adult_OballStacker,boundary,487,14
SF28_Adult_OballStacker,boundary,488,15
SF28_Adult_OballStacker,boundary,489,16
SF28_Adult_OballStacker,boundary,490,17
SF28_Adult_OballStacker,boundary,491,18
SF28_Adult_OballStacker,boundary,492,19
SF28_Adult_OballStacker,boundary,493,20
SF28_Adult_OballStacker,boundary,494,21
SF28_Adult_OballStacker,boundary,495,22
SF28_Adult_OballStacker,boundary,496,23
SF28_Adult_OballStacker,boundary,497,24
SF28_Adult_OballStacker,boundary,498,25
SF28_Adult_OballStacker,boundary,499,26
SF28_Adult_OballStacker,boundary,500,27
SF28_Adult_OballStacker,boundary,501,28
SF28_Adult_OballStacker,boundary,502,29
SF28_Adult_OballStacker,post_boundary,503,30
SF28_Adult_OballStacker,post_boundary,504,31
SF28_Adult_OballStacker,post_boundary,505,32
SF28_Adult_OballStacker,post_boundary,506,33
SF28_Adult_OballStacker,post_boundary,507,34
SF28_Adult_OballStacker,post_boundary,508,35
SF28_Adult_OballStacker,post_boundary,509,36
SF28_Adult_OballStacker,post_boundary,510,37
SF28_Adult_OballStacker,post_boundary,511,38
SF28_Adult_OballStacker,post_boundary,512,39
SF28_Adult_OballStacker,post_boundary,513,40
SF28_Adult_OballStacker,post_boundary,514,41
SF28_Adult_OballStacker,post_boundary,515,42
SF28_Adult_OballStacker,post_boundary,516,43
SF28_Adult_OballStacker,post_boundary,517,44
SF28_Adult_OballStacker,post_boundary,518,45
SF28_Adult_OballStacker,post_boundary,519,46
SF28_Adult_OballStacker,post_boundary,520,47
SF28_Adult_OballStacker,post_boundary,521,48
SF28_Adult_OballStacker,post_boundary,522,49
SF28_Adult_OballStacker,post_boundary,523,50
SF28_Adult_OballStacker,post_boundary,524,51
SF28_Adult_OballStacker,post_boundary,525,52
SF28_Adult_OballStacker,post_boundary,526,53
SF28_Adult_OballStacker,post_boundary,527,54
SF28_Adult_OballStacker,post_boundary,528,55
SF28_Adult_OballStacker,post_boundary,529,56
SF28_Adult_OballStacker,post_boundary,530,57
SF28_Adult_OballStacker,post_boundary,531,58
SF28_Adult_OballStacker,post_boundary,532,59
SF28_Infant_OballStacker,pre_boundary,438,-30
SF28_Infant_OballStacker,pre_boundary,439,-29
SF28_Infant_OballStacker,pre_boundary,440,-28
SF28_Infant_OballStacker,pre_boundary,441,-27
SF28_Infant_OballStacker,pre_boundary,442,-26
SF28_Infant_OballStacker,pre_boundary,443,-25
SF28_Infant_OballStacker,pre_boundary,444,-24
SF28_Infant_OballStacker,pre_boundary,445,-23
SF28_Infant_OballStacker,pre_boundary,446,-22
SF28_Infant_OballStacker,pre_boundary,447,-21
SF28_Infant_OballStacker,pre_boundary,448,-20
SF28_Infant_OballStacker,pre_boundary,449,-19
SF28_Infant_OballStacker,pre_boundary,450,-18
SF28_Infant_OballStacker,pre_boundary,451,-17
SF28_Infant_OballStacker,pre_boundary,452,-16
SF28_Infant_OballStacker,pre_boundary,453,-15
SF28_Infant_OballStacker,pre_boundary,454,-14
SF28_Infant_OballStacker,pre_boundary,455,-13
SF28_Infant_OballStacker,pre_boundary,456,-12
SF28_Infant_OballStacker,pre_boundary,457,-11
SF28_Infant_OballStacker,pre_boundary,458,-10
SF28_Infant_OballStacker,pre_boundary,459,-9
SF28_Infant_OballStacker,pre_boundary,460,-8
SF28_Infant_OballStacker,pre_boundary,461,-7
SF28_Infant_OballStacker,pre_boundary,462,-6
SF28_Infant_OballStacker,pre_boundary,463,-5
SF28_Infant_OballStacker,pre_boundary,464,-4
SF28_Infant_OballStacker,pre_boundary,465,-3
SF28_Infant_OballStacker,pre_boundary,466,-2
SF28_Infant_OballStacker,pre_boundary,467,-1
SF28_Infant_OballStacker,boundary,468,0
SF28_Infant_OballStacker,boundary,469,1
SF28_Infant_OballStacker,boundary,470,2
SF28_Infant_OballStacker,boundary,471,3
SF28_Infant_OballStacker,boundary,472,4
SF28_Infant_OballStacker,boundary,473,5
SF28_Infant_OballStacker,boundary,474,6
SF28_Infant_OballStacker,boundary,475,7
SF28_Infant_OballStacker,boundary,476,8
SF28_Infant_OballStacker,boundary,477,9
SF28_Infant_OballStacker,boundary,478,10
SF28_Infant_OballStacker,boundary,479,11
SF28_Infant_OballStacker,boundary,480,12
SF28_Infant_OballStacker,boundary,481,13
SF28_Infant_OballStacker,boundary,482,14
SF28_Infant_OballStacker,boundary,483,15
SF28_Infant_OballStacker,boundary,484,16
SF28_Infant_OballStacker,boundary,485,17
SF28_Infant_OballStacker,boundary,486,18
SF28_Infant_OballStacker,boundary,487,19
SF28_Infant_OballStacker,boundary,488,20
SF28_Infant_OballStacker,boundary,489,21
SF28_Infant_OballStacker,boundary,490,22
SF28_Infant_OballStacker,boundary,491,23
SF28_Infant_OballStacker,boundary,492,24
SF28_Infant_OballStacker,boundary,493,25
SF28_Infant_OballStacker,boundary,494,26
SF28_Infant_OballStacker,boundary,495,27
SF28_Infant_OballStacker,boundary,496,28
SF28_Infant_OballStacker,boundary,497,29
SF28_Infant_OballStacker,post_boundary,498,30
SF28_Infant_OballStacker,post_boundary,499,31
SF28_Infant_OballStacker,post_boundary,500,32
SF28_Infant_OballStacker,post_boundary,501,33
SF28_Infant_OballStacker,post_boundary,502,34
SF28_Infant_OballStacker,post_boundary,503,35
SF28_Infant_OballStacker,post_boundary,504,36
SF28_Infant_OballStacker,post_boundary,505,37
SF28_Infant_OballStacker,post_boundary,506,38
SF28_Infant_OballStacker,post_boundary,507,39
SF28_Infant_OballStacker,post_boundary,508,40
SF28_Infant_OballStacker,post_boundary,509,41
SF28_Infant_OballStacker,post_boundary,510,42
SF28_Infant_OballStacker,post_boundary,511,43
SF28_Infant_OballStacker,post_boundary,512,44
SF28_Infant_OballStacker,post_boundary,513,45
SF28_Infant_OballStacker,post_boundary,514,46
SF28_Infant_OballStacker,post_boundary,515,47
SF28_Infant_OballStacker,post_boundary,516,48
SF28_Infant_OballStacker,post_boundary,517,49
SF28_Infant_OballStacker,post_boundary,518,50
SF28_Infant_OballStacker,post_boundary,519,51
SF28_Infant_OballStacker,post_boundary,520,52
SF28_Infant_OballStacker,post_boundary,521,53
SF28_Infant_OballStacker,post_boundary,522,54
SF28_Infant_OballStacker,post_boundary,523,55
SF28_Infant_OballStacker,post_boundary,524,56
SF28_Infant_OballStacker,post_boundary,525,57
SF28_Infant_OballStacker,post_boundary,526,58
SF28_Infant_OballStacker,post_boundary,527,59