subid,vid,block,num_frames,frames_looking,vid_length,vid_looking,,
ae015,OH29_Infant_MassageRoller,1,480,480,300,300,0,0
ae015,HH09_Adult_TwistyGlasses,1,360,360,180,180,0,0
ae015,SF28_Adult_OballStacker,1,540,537,360,360,0,0
ae015,AL38_Infant_Slinky,1,449,443,269,269,0,0
ae015,CN14_Infant_StickyBall,1,390,383,210,210,0,0
ae015,SA03_Adult_GreenTube,1,450,450,270,270,0,0
ae015,HH09_Adult_TwistyGlasses,2,360,357,180,180,0,0
ae015,OH29_Infant_MassageRoller,2,480,480,300,300,0,0
ae015,AL38_Infant_Slinky,2,449,447,269,269,0,0
ae015,SF28_Adult_OballStacker,2,540,536,360,360,0,0
ae015,SA03_Adult_GreenTube,2,450,443,270,270,0,0
ae015,CN14_Infant_StickyBall,2,390,390,210,210,0,0
ae015,OH29_Infant_MassageRoller,3,480,476,300,300,0,0
ae015,HH09_Adult_TwistyGlasses,3,360,353,180,175,0.027777778,0
ae015,SF28_Adult_OballStacker,3,540,505,360,360,0,0
ae015,AL38_Infant_Slinky,3,449,406,269,267,0.007434944,0
ae015,CN14_Infant_StickyBall,3,390,355,210,187,0.10952381,0
ae015,SA03_Adult_GreenTube,3,450,426,270,265,0.018518519,0
ae015,HH09_Adult_TwistyGlasses,4,360,222,180,48,0.733333333,1
ae015,OH29_Infant_MassageRoller,4,480,392,300,226,0.246666667,0
ae015,AL38_Infant_Slinky,4,449,444,269,269,0,0
ae015,SF28_Adult_OballStacker,4,540,524,360,360,0,0
ae015,SA03_Adult_GreenTube,4,450,318,270,247,0.085185185,0
ae015,CN14_Infant_StickyBall,4,390,375,210,200,0.047619048,0
ae015,OH29_Infant_MassageRoller,5,480,361,300,300,0,0
ae015,HH09_Adult_TwistyGlasses,5,360,355,180,180,0,0
ae015,SF28_Adult_OballStacker,5,540,369,360,336,0.066666667,0
ae015,AL38_Infant_Slinky,5,449,363,269,236,0.12267658,0
ae015,CN14_Infant_StickyBall,5,390,320,210,143,0.319047619,0
ae015,SA03_Adult_GreenTube,5,450,329,270,152,0.437037037,0
ae015,HH09_Adult_TwistyGlasses,6,360,139,180,53,0.705555556,1
ae015,OH29_Infant_MassageRoller,6,480,347,300,282,0.06,0
ae015,AL38_Infant_Slinky,6,449,40,269,7,0.973977695,1
ae015,SF28_Adult_OballStacker,6,540,409,360,329,0.086111111,0
ae015,SA03_Adult_GreenTube,6,450,218,270,84,0.688888889,1
ae015,CN14_Infant_StickyBall,6,390,238,210,149,0.29047619,0
bf022,SA03_Adult_GreenTube,1,450,442,270,270,0,0
bf022,AL38_Infant_Slinky,1,449,441,269,269,0,0
bf022,CN14_Infant_StickyBall,1,390,384,210,210,0,0
bf022,SF28_Adult_OballStacker,1,540,529,360,360,0,0
bf022,HH09_Adult_TwistyGlasses,1,360,347,180,177,0.016666667,0
bf022,OH29_Infant_MassageRoller,1,480,457,300,292,0.026666667,0
bf022,AL38_Infant_Slinky,2,449,441,269,269,0,0
bf022,SA03_Adult_GreenTube,2,450,308,270,226,0.162962963,0
bf022,SF28_Adult_OballStacker,2,540,366,360,317,0.119444444,0
bf022,CN14_Infant_StickyBall,2,390,309,210,205,0.023809524,0
bf022,OH29_Infant_MassageRoller,2,480,24,300,15,0.95,1
bf022,HH09_Adult_TwistyGlasses,2,360,2,180,1,0.994444444,1
bf029,AL38_Adult_Slinky,1,449,156,269,156,0.420074349,0
bf029,SF28_Infant_OballStacker,1,540,540,360,360,0,0
bf029,HH09_Infant_TwistyGlasses,1,360,356,180,180,0,0
bf029,CN14_Adult_StickyBall,1,390,257,210,84,0.6,1
bf029,OH29_Adult_MassageRoller,1,480,441,300,277,0.076666667,0
bf029,SA03_Infant_GreenTube,1,450,428,270,248,0.081481481,0
bf029,SF28_Infant_OballStacker,2,540,496,360,360,0,0
bf029,AL38_Adult_Slinky,2,449,323,269,246,0.085501859,0
bf029,CN14_Adult_StickyBall,2,390,387,210,210,0,0
bf029,HH09_Infant_TwistyGlasses,2,360,355,180,180,0,0
bf029,SA03_Infant_GreenTube,2,450,428,270,261,0.033333333,0
bf029,OH29_Adult_MassageRoller,2,480,398,300,237,0.21,0
bf029,AL38_Adult_Slinky,3,449,323,269,225,0.163568773,0
bf029,SF28_Infant_OballStacker,3,540,339,360,272,0.244444444,0
bf029,HH09_Infant_TwistyGlasses,3,360,320,180,152,0.155555556,0
bf029,CN14_Adult_StickyBall,3,390,358,210,209,0.004761905,0
bf029,OH29_Adult_MassageRoller,3,480,310,300,254,0.153333333,0
bf029,SA03_Infant_GreenTube,3,450,295,270,169,0.374074074,0
bf029,SF28_Infant_OballStacker,4,540,481,360,353,0.019444444,0
bf029,AL38_Adult_Slinky,4,449,369,269,259,0.037174721,0
bf029,CN14_Adult_StickyBall,4,390,388,210,210,0,0
bf029,HH09_Infant_TwistyGlasses,4,360,360,180,180,0,0
bf029,SA03_Infant_GreenTube,4,450,410,270,241,0.107407407,0
bf029,OH29_Adult_MassageRoller,4,480,400,300,225,0.25,0
bf029,AL38_Adult_Slinky,5,449,326,269,266,0.011152416,0
bf029,SF28_Infant_OballStacker,5,540,282,360,144,0.6,1
bf029,HH09_Infant_TwistyGlasses,5,360,319,180,180,0,0
bf029,CN14_Adult_StickyBall,5,390,343,210,166,0.20952381,0
bf029,OH29_Adult_MassageRoller,5,480,430,300,295,0.016666667,0
bf029,SA03_Infant_GreenTube,5,450,435,270,262,0.02962963,0
bf029,SF28_Infant_OballStacker,6,540,537,360,360,0,0
bf029,AL38_Adult_Slinky,6,449,351,269,178,0.338289963,0
bf029,CN14_Adult_StickyBall,6,390,341,210,195,0.071428571,0
bf029,HH09_Infant_TwistyGlasses,6,360,236,180,158,0.122222222,0
bf029,SA03_Infant_GreenTube,6,450,436,270,266,0.014814815,0
bf029,OH29_Adult_MassageRoller,6,480,474,300,294,0.02,0
bj020,SA03_Adult_GreenTube,1,450,450,270,270,0,0
bj020,AL38_Infant_Slinky,1,449,449,269,269,0,0
bj020,CN14_Infant_StickyBall,1,390,390,210,210,0,0
bj020,SF28_Adult_OballStacker,1,540,540,360,360,0,0
bj020,HH09_Adult_TwistyGlasses,1,360,360,180,180,0,0
bj020,OH29_Infant_MassageRoller,1,480,451,300,273,0.09,0
bj020,AL38_Infant_Slinky,2,449,446,269,266,0.011152416,0
bj020,SA03_Adult_GreenTube,2,450,450,270,270,0,0
bj020,SF28_Adult_OballStacker,2,540,526,360,346,0.038888889,0
bj020,CN14_Infant_StickyBall,2,390,390,210,210,0,0
bj020,OH29_Infant_MassageRoller,2,480,480,300,300,0,0
bj020,HH09_Adult_TwistyGlasses,2,360,352,180,172,0.044444444,0
bj020,SA03_Adult_GreenTube,3,450,450,270,270,0,0
bj020,AL38_Infant_Slinky,3,449,410,269,230,0.144981413,0
bj020,CN14_Infant_StickyBall,3,390,390,210,210,0,0
bj020,SF28_Adult_OballStacker,3,540,540,360,360,0,0
bj020,HH09_Adult_TwistyGlasses,3,360,357,180,180,0,0
bj020,OH29_Infant_MassageRoller,3,480,423,300,243,0.19,0
bj020,AL38_Infant_Slinky,4,449,437,269,258,0.040892193,0
bj020,SA03_Adult_GreenTube,4,450,450,270,270,0,0
bj020,SF28_Adult_OballStacker,4,540,481,360,301,0.163888889,0
bj020,CN14_Infant_StickyBall,4,390,390,210,210,0,0
bj020,OH29_Infant_MassageRoller,4,480,406,300,228,0.24,0
bj020,HH09_Adult_TwistyGlasses,4,360,140,180,50,0.722222222,1
bj020,SA03_Adult_GreenTube,5,450,450,270,270,0,0
bj020,AL38_Infant_Slinky,5,449,362,269,269,0,0
bj020,CN14_Infant_StickyBall,5,390,326,210,210,0,0
bj020,SF28_Adult_OballStacker,5,540,386,360,223,0.380555556,0
bj020,HH09_Adult_TwistyGlasses,5,360,305,180,145,0.194444444,0
bj020,OH29_Infant_MassageRoller,5,480,377,300,235,0.216666667,0
bj020,AL38_Infant_Slinky,6,449,420,269,268,0.003717472,0
bj020,SA03_Adult_GreenTube,6,450,450,270,270,0,0
bj020,SF28_Adult_OballStacker,6,540,472,360,329,0.086111111,0
bj020,CN14_Infant_StickyBall,6,390,292,210,178,0.152380952,0
bj020,OH29_Infant_MassageRoller,6,480,472,300,292,0.026666667,0
bj020,HH09_Adult_TwistyGlasses,6,360,357,180,180,0,0
bl032,CN14_Infant_StickyBall,1,390,203,210,138,0.342857143,0
bl032,SA03_Adult_GreenTube,1,450,419,270,270,0,0
bl032,SF28_Adult_OballStacker,1,540,413,360,327,0.091666667,0
bl032,OH29_Infant_MassageRoller,1,480,415,300,299,0.003333333,0
bl032,AL38_Infant_Slinky,1,449,386,269,269,0,0
bl032,HH09_Adult_TwistyGlasses,1,360,261,180,180,0,0
bl032,SA03_Adult_GreenTube,2,450,407,270,270,0,0
bl032,CN14_Infant_StickyBall,2,390,352,210,210,0,0
bl032,OH29_Infant_MassageRoller,2,480,361,300,299,0.003333333,0
bl032,SF28_Adult_OballStacker,2,540,496,360,335,0.069444444,0
bl032,HH09_Adult_TwistyGlasses,2,360,121,180,106,0.411111111,0
bl032,AL38_Infant_Slinky,2,449,256,269,174,0.353159851,0
bl032,CN14_Infant_StickyBall,3,390,388,210,210,0,0
bl032,SA03_Adult_GreenTube,3,450,414,270,270,0,0
bl032,SF28_Adult_OballStacker,3,540,522,360,352,0.022222222,0
bl032,OH29_Infant_MassageRoller,3,480,462,300,293,0.023333333,0
bl032,AL38_Infant_Slinky,3,449,449,269,269,0,0
bl032,HH09_Adult_TwistyGlasses,3,360,276,180,179,0.005555556,0
bl032,SA03_Adult_GreenTube,4,450,332,270,164,0.392592593,0
bl032,CN14_Infant_StickyBall,4,390,313,210,210,0,0
bl032,OH29_Infant_MassageRoller,4,480,421,300,293,0.023333333,0
bl032,SF28_Adult_OballStacker,4,540,524,360,359,0.002777778,0
bl032,HH09_Adult_TwistyGlasses,4,360,339,180,180,0,0
bl032,AL38_Infant_Slinky,4,449,258,269,197,0.267657993,0
bl032,CN14_Infant_StickyBall,5,390,179,210,127,0.395238095,0
bl032,SA03_Adult_GreenTube,5,450,351,270,270,0,0
bl032,SF28_Adult_OballStacker,5,540,420,360,360,0,0
bl032,OH29_Infant_MassageRoller,5,480,327,300,198,0.34,0
bl032,AL38_Infant_Slinky,5,449,326,269,269,0,0
bl032,HH09_Adult_TwistyGlasses,5,360,236,180,106,0.411111111,0
bl032,SA03_Adult_GreenTube,6,450,160,270,102,0.622222222,1
bl032,CN14_Infant_StickyBall,6,390,293,210,210,0,0
bl032,OH29_Infant_MassageRoller,6,480,364,300,294,0.02,0
bl032,SF28_Adult_OballStacker,6,540,394,360,360,0,0
bl032,HH09_Adult_TwistyGlasses,6,360,314,180,142,0.211111111,0
bl032,AL38_Infant_Slinky,6,449,424,269,269,0,0
ca001,AL38_Adult_Slinky,1,449,443,269,269,0,0
ca001,SA03_Infant_GreenTube,1,450,431,270,261,0.033333333,0
ca001,HH09_Infant_TwistyGlasses,1,360,360,180,180,0,0
ca001,OH29_Adult_MassageRoller,1,480,480,300,300,0,0
ca001,CN14_Adult_StickyBall,1,390,368,210,210,0,0
ca001,SF28_Infant_OballStacker,1,540,519,360,360,0,0
ca001,SA03_Infant_GreenTube,2,450,424,270,270,0,0
ca001,AL38_Adult_Slinky,2,449,444,269,269,0,0
ca001,OH29_Adult_MassageRoller,2,480,459,300,300,0,0
ca001,HH09_Infant_TwistyGlasses,2,360,349,180,180,0,0
ca001,SF28_Infant_OballStacker,2,540,540,360,360,0,0
ca001,CN14_Adult_StickyBall,2,390,384,210,210,0,0
ca001,AL38_Adult_Slinky,3,449,445,269,269,0,0
ca001,SA03_Infant_GreenTube,3,450,449,270,270,0,0
ca001,HH09_Infant_TwistyGlasses,3,360,348,180,180,0,0
ca001,OH29_Adult_MassageRoller,3,480,449,300,300,0,0
ca001,CN14_Adult_StickyBall,3,390,309,210,132,0.371428571,0
ca001,SF28_Infant_OballStacker,3,540,387,360,301,0.163888889,0
ca001,SA03_Infant_GreenTube,4,450,395,270,244,0.096296296,0
ca001,AL38_Adult_Slinky,4,449,359,269,245,0.089219331,0
ca001,OH29_Adult_MassageRoller,4,480,341,300,255,0.15,0
ca001,HH09_Infant_TwistyGlasses,4,360,268,180,174,0.033333333,0
ca001,SF28_Infant_OballStacker,4,540,443,360,346,0.038888889,0
ca001,CN14_Adult_StickyBall,4,390,340,210,160,0.238095238,0
ca001,AL38_Adult_Slinky,5,449,430,269,260,0.033457249,0
ca001,SA03_Infant_GreenTube,5,450,382,270,219,0.188888889,0
ca001,HH09_Infant_TwistyGlasses,5,360,360,180,180,0,0
ca001,OH29_Adult_MassageRoller,5,480,475,300,300,0,0
ca001,CN14_Adult_StickyBall,5,390,390,210,210,0,0
ca001,SF28_Infant_OballStacker,5,540,521,360,360,0,0
cl007,HH09_Infant_TwistyGlasses,1,360,360,180,180,0,0
cl007,CN14_Adult_StickyBall,1,390,341,210,169,0.195238095,0
cl007,AL38_Adult_Slinky,1,449,350,269,201,0.252788104,0
cl007,SA03_Infant_GreenTube,1,450,450,270,270,0,0
cl007,SF28_Infant_OballStacker,1,540,530,360,353,0.019444444,0
cl007,OH29_Adult_MassageRoller,1,480,479,300,300,0,0
cl007,CN14_Adult_StickyBall,2,390,390,210,210,0,0
cl007,HH09_Infant_TwistyGlasses,2,360,358,180,180,0,0
cl007,SA03_Infant_GreenTube,2,450,447,270,270,0,0
cl007,AL38_Adult_Slinky,2,449,434,269,265,0.014869888,0
cl007,OH29_Adult_MassageRoller,2,480,480,300,300,0,0
cl007,SF28_Infant_OballStacker,2,540,528,360,360,0,0
cl007,HH09_Infant_TwistyGlasses,3,360,349,180,180,0,0
cl007,CN14_Adult_StickyBall,3,390,383,210,210,0,0
cl007,AL38_Adult_Slinky,3,449,449,269,269,0,0
cl007,SA03_Infant_GreenTube,3,450,432,270,266,0.014814815,0
cl007,SF28_Infant_OballStacker,3,540,448,360,360,0,0
cl007,OH29_Adult_MassageRoller,3,480,429,300,271,0.096666667,0
cl007,CN14_Adult_StickyBall,4,390,323,210,152,0.276190476,0
cl007,HH09_Infant_TwistyGlasses,4,360,158,180,37,0.794444444,1
cl007,SA03_Infant_GreenTube,4,450,314,270,261,0.033333333,0
cl007,AL38_Adult_Slinky,4,449,357,269,245,0.089219331,0
cl007,OH29_Adult_MassageRoller,4,480,423,300,298,0.006666667,0
cl007,SF28_Infant_OballStacker,4,540,476,360,360,0,0
cl007,HH09_Infant_TwistyGlasses,5,360,344,180,180,0,0
cl007,CN14_Adult_StickyBall,5,390,385,210,210,0,0
cl007,AL38_Adult_Slinky,5,449,309,269,226,0.159851301,0
cl007,SA03_Infant_GreenTube,5,450,270,270,205,0.240740741,0
cl007,SF28_Infant_OballStacker,5,540,305,360,269,0.252777778,0
cl007,OH29_Adult_MassageRoller,5,480,402,300,268,0.106666667,0
cl007,CN14_Adult_StickyBall,6,390,390,210,210,0,0
cl007,HH09_Infant_TwistyGlasses,6,360,334,180,180,0,0
cl007,SA03_Infant_GreenTube,6,450,203,270,122,0.548148148,1
cl007,AL38_Adult_Slinky,6,449,445,269,269,0,0
cl007,OH29_Adult_MassageRoller,6,480,319,300,220,0.266666667,0
cl007,SF28_Infant_OballStacker,6,540,362,360,331,0.080555556,0
cn011,SF28_Adult_OballStacker,1,540,532,360,353,0.019444444,0
cn011,CN14_Infant_StickyBall,1,390,385,210,210,0,0
cn011,OH29_Infant_MassageRoller,1,480,480,300,300,0,0
cn011,HH09_Adult_TwistyGlasses,1,360,358,180,179,0.005555556,0
cn011,SA03_Adult_GreenTube,1,450,450,270,270,0,0
cn011,AL38_Infant_Slinky,1,449,434,269,263,0.022304833,0
cn011,CN14_Infant_StickyBall,2,390,379,210,202,0.038095238,0
cn011,SF28_Adult_OballStacker,2,540,540,360,360,0,0
cn011,HH09_Adult_TwistyGlasses,2,360,352,180,175,0.027777778,0
cn011,OH29_Infant_MassageRoller,2,480,473,300,297,0.01,0
cn011,AL38_Infant_Slinky,2,449,410,269,267,0.007434944,0
cn011,SA03_Adult_GreenTube,2,450,447,270,270,0,0
cn011,SF28_Adult_OballStacker,3,540,524,360,360,0,0
cn011,CN14_Infant_StickyBall,3,390,363,210,210,0,0
cn011,OH29_Infant_MassageRoller,3,480,460,300,280,0.066666667,0
cn011,HH09_Adult_TwistyGlasses,3,360,360,180,180,0,0
cn011,SA03_Adult_GreenTube,3,450,445,270,270,0,0
cn011,AL38_Infant_Slinky,3,449,383,269,234,0.130111524,0
cn011,CN14_Infant_StickyBall,4,390,390,210,210,0,0
cn011,SF28_Adult_OballStacker,4,540,533,360,360,0,0
cn011,HH09_Adult_TwistyGlasses,4,360,197,180,46,0.744444444,1
cn011,OH29_Infant_MassageRoller,4,480,419,300,268,0.106666667,0
cn011,AL38_Infant_Slinky,4,449,431,269,269,0,0
cn011,SA03_Adult_GreenTube,4,450,380,270,208,0.22962963,0
cn011,SF28_Adult_OballStacker,5,540,527,360,360,0,0
cn011,CN14_Infant_StickyBall,5,390,383,210,210,0,0
cn011,OH29_Infant_MassageRoller,5,480,439,300,268,0.106666667,0
cn011,HH09_Adult_TwistyGlasses,5,360,282,180,107,0.405555556,0
cn011,SA03_Adult_GreenTube,5,450,321,270,233,0.137037037,0
cn011,AL38_Infant_Slinky,5,449,418,269,258,0.040892193,0
cn011,CN14_Infant_StickyBall,6,390,385,210,210,0,0
cn011,SF28_Adult_OballStacker,6,540,345,360,185,0.486111111,0
cn011,HH09_Adult_TwistyGlasses,6,360,302,180,136,0.244444444,0
cn011,OH29_Infant_MassageRoller,6,480,356,300,283,0.056666667,0
cn011,AL38_Infant_Slinky,6,449,318,269,158,0.412639405,0
cn011,SA03_Adult_GreenTube,6,450,7,270,7,0.974074074,1
cs025,SA03_Infant_GreenTube,1,450,446,270,270,0,0
cs025,OH29_Adult_MassageRoller,1,480,456,300,298,0.006666667,0
cs025,CN14_Adult_StickyBall,1,390,231,210,172,0.180952381,0
cs025,SF28_Infant_OballStacker,1,540,533,360,358,0.005555556,0
cs025,HH09_Infant_TwistyGlasses,1,360,208,180,127,0.294444444,0
cs025,AL38_Adult_Slinky,1,449,446,269,269,0,0
cs025,OH29_Adult_MassageRoller,2,480,230,300,136,0.546666667,1
cs025,SA03_Infant_GreenTube,2,450,345,270,184,0.318518519,0
cs025,SF28_Infant_OballStacker,2,540,429,360,256,0.288888889,0
cs025,CN14_Adult_StickyBall,2,390,374,210,198,0.057142857,0
cs025,AL38_Adult_Slinky,2,449,425,269,247,0.081784387,0
cs025,HH09_Infant_TwistyGlasses,2,360,176,180,49,0.727777778,1
cs025,SA03_Infant_GreenTube,3,450,305,270,217,0.196296296,0
cs025,OH29_Adult_MassageRoller,3,480,434,300,259,0.136666667,0
cs025,CN14_Adult_StickyBall,3,390,373,210,210,0,0
cs025,SF28_Infant_OballStacker,3,540,439,360,300,0.166666667,0
cs025,HH09_Infant_TwistyGlasses,3,360,274,180,173,0.038888889,0
cs025,AL38_Adult_Slinky,3,449,411,269,255,0.05204461,0
cs025,OH29_Adult_MassageRoller,4,480,421,300,289,0.036666667,0
cs025,SA03_Infant_GreenTube,4,450,264,270,136,0.496296296,0
cs025,SF28_Infant_OballStacker,4,540,451,360,298,0.172222222,0
cs025,CN14_Adult_StickyBall,4,390,317,210,162,0.228571429,0
cs025,AL38_Adult_Slinky,4,449,352,269,257,0.044609665,0
cs025,HH09_Infant_TwistyGlasses,4,360,288,180,180,0,0
cs025,SA03_Infant_GreenTube,5,450,361,270,233,0.137037037,0
cs025,OH29_Adult_MassageRoller,5,480,341,300,233,0.223333333,0
cs025,CN14_Adult_StickyBall,5,390,228,210,147,0.3,0
cs025,SF28_Infant_OballStacker,5,540,386,360,308,0.144444444,0
cs025,HH09_Infant_TwistyGlasses,5,360,153,180,101,0.438888889,0
cs025,AL38_Adult_Slinky,5,449,406,269,266,0.011152416,0
cs025,OH29_Adult_MassageRoller,6,480,333,300,172,0.426666667,0
cs025,SA03_Infant_GreenTube,6,450,216,270,147,0.455555556,0
cs025,SF28_Infant_OballStacker,6,540,302,360,240,0.333333333,0
cs025,CN14_Adult_StickyBall,6,390,157,210,50,0.761904762,1
cs025,AL38_Adult_Slinky,6,449,201,269,145,0.460966543,0
cs025,HH09_Infant_TwistyGlasses,6,360,85,180,0,1,1
ct012,CN14_Adult_StickyBall,1,390,381,210,210,0,0
ct012,SA03_Infant_GreenTube,1,450,325,270,234,0.133333333,0
ct012,HH09_Infant_TwistyGlasses,1,360,358,180,180,0,0
ct012,AL38_Adult_Slinky,1,449,448,269,269,0,0
ct012,OH29_Adult_MassageRoller,1,480,457,300,300,0,0
ct012,SF28_Infant_OballStacker,1,540,539,360,360,0,0
ct012,SA03_Infant_GreenTube,2,450,450,270,270,0,0
ct012,CN14_Adult_StickyBall,2,390,352,210,210,0,0
ct012,AL38_Adult_Slinky,2,449,441,269,269,0,0
ct012,HH09_Infant_TwistyGlasses,2,360,329,180,180,0,0
ct012,SF28_Infant_OballStacker,2,540,536,360,360,0,0
ct012,OH29_Adult_MassageRoller,2,480,438,300,300,0,0
ct012,CN14_Adult_StickyBall,3,390,336,210,210,0,0
ct012,SA03_Infant_GreenTube,3,450,342,270,241,0.107407407,0
ct012,HH09_Infant_TwistyGlasses,3,360,348,180,180,0,0
ct012,AL38_Adult_Slinky,3,449,409,269,269,0,0
ct012,OH29_Adult_MassageRoller,3,480,348,300,244,0.186666667,0
ct012,SF28_Infant_OballStacker,3,540,521,360,360,0,0
ct012,SA03_Infant_GreenTube,4,450,426,270,270,0,0
ct012,CN14_Adult_StickyBall,4,390,292,210,192,0.085714286,0
ct012,AL38_Adult_Slinky,4,449,394,269,265,0.014869888,0
ct012,HH09_Infant_TwistyGlasses,4,360,328,180,180,0,0
ct012,SF28_Infant_OballStacker,4,540,539,360,360,0,0
ct012,OH29_Adult_MassageRoller,4,480,476,300,300,0,0
ct012,CN14_Adult_StickyBall,5,390,390,210,210,0,0
ct012,SA03_Infant_GreenTube,5,450,416,270,270,0,0
ct012,HH09_Infant_TwistyGlasses,5,360,292,180,180,0,0
ct012,AL38_Adult_Slinky,5,449,423,269,269,0,0
ct012,OH29_Adult_MassageRoller,5,480,376,300,300,0,0
ct012,SF28_Infant_OballStacker,5,540,540,360,360,0,0
ct012,SA03_Infant_GreenTube,6,450,433,270,253,0.062962963,0
ct012,CN14_Adult_StickyBall,6,390,345,210,205,0.023809524,0
ct012,AL38_Adult_Slinky,6,449,360,269,207,0.230483271,0
ct012,HH09_Infant_TwistyGlasses,6,360,287,180,180,0,0
ct012,SF28_Infant_OballStacker,6,540,503,360,360,0,0
ct012,OH29_Adult_MassageRoller,6,480,446,300,300,0,0
ct016,SF28_Adult_OballStacker,1,540,540,360,360,0,0
ct016,CN14_Infant_StickyBall,1,390,390,210,210,0,0
ct016,AL38_Infant_Slinky,1,449,449,269,269,0,0
ct016,SA03_Adult_GreenTube,1,450,431,270,270,0,0
ct016,HH09_Adult_TwistyGlasses,1,360,352,180,180,0,0
ct016,OH29_Infant_MassageRoller,1,480,429,300,280,0.066666667,0
ct016,CN14_Infant_StickyBall,2,390,180,210,44,0.79047619,1
ct016,SF28_Adult_OballStacker,2,540,488,360,357,0.008333333,0
ct016,SA03_Adult_GreenTube,2,450,426,270,270,0,0
ct016,AL38_Infant_Slinky,2,449,449,269,269,0,0
ct016,OH29_Infant_MassageRoller,2,480,277,300,183,0.39,0
ct016,HH09_Adult_TwistyGlasses,2,360,86,180,70,0.611111111,1
ct016,SF28_Adult_OballStacker,3,540,524,360,360,0,0
ct016,CN14_Infant_StickyBall,3,390,330,210,210,0,0
ct016,AL38_Infant_Slinky,3,449,432,269,264,0.018587361,0
ct016,SA03_Adult_GreenTube,3,450,313,270,270,0,0
ct016,HH09_Adult_TwistyGlasses,3,360,284,180,173,0.038888889,0
ct016,OH29_Infant_MassageRoller,3,480,302,300,229,0.236666667,0
ct016,CN14_Infant_StickyBall,4,390,353,210,210,0,0
ct016,SF28_Adult_OballStacker,4,540,390,360,337,0.063888889,0
ct016,SA03_Adult_GreenTube,4,450,197,270,95,0.648148148,1
ct016,AL38_Infant_Slinky,4,449,280,269,186,0.308550186,0
ct016,OH29_Infant_MassageRoller,4,480,308,300,242,0.193333333,0
ct016,HH09_Adult_TwistyGlasses,4,360,195,180,84,0.533333333,1
ct016,SF28_Adult_OballStacker,5,540,451,360,353,0.019444444,0
ct016,CN14_Infant_StickyBall,5,390,158,210,131,0.376190476,0
ct016,AL38_Infant_Slinky,5,449,413,269,237,0.118959108,0
ct016,SA03_Adult_GreenTube,5,450,329,270,265,0.018518519,0
ct016,HH09_Adult_TwistyGlasses,5,360,232,180,134,0.255555556,0
ct016,OH29_Infant_MassageRoller,5,480,86,300,60,0.8,1
ct016,CN14_Infant_StickyBall,6,390,372,210,209,0.004761905,0
ct016,SF28_Adult_OballStacker,6,540,482,360,359,0.002777778,0
ct016,SA03_Adult_GreenTube,6,450,309,270,266,0.014814815,0
ct016,AL38_Infant_Slinky,6,449,330,269,259,0.037174721,0
ct016,OH29_Infant_MassageRoller,6,480,257,300,210,0.3,0
ct016,HH09_Adult_TwistyGlasses,6,360,98,180,33,0.816666667,1
dr033,OH29_Adult_MassageRoller,1,480,442,300,262,0.126666667,0
dr033,SA03_Infant_GreenTube,1,450,436,270,263,0.025925926,0
dr033,SF28_Infant_OballStacker,1,540,362,360,218,0.394444444,0
dr033,CN14_Adult_StickyBall,1,390,379,210,199,0.052380952,0
dr033,AL38_Adult_Slinky,1,449,436,269,262,0.026022305,0
dr033,HH09_Infant_TwistyGlasses,1,360,312,180,132,0.266666667,0
dr033,SA03_Infant_GreenTube,2,450,426,270,254,0.059259259,0
dr033,OH29_Adult_MassageRoller,2,480,349,300,177,0.41,0
dr033,CN14_Adult_StickyBall,2,390,249,210,124,0.40952381,0
dr033,SF28_Infant_OballStacker,2,540,457,360,303,0.158333333,0
dr033,HH09_Infant_TwistyGlasses,2,360,284,180,120,0.333333333,0
dr033,AL38_Adult_Slinky,2,449,282,269,142,0.472118959,0
dr033,OH29_Adult_MassageRoller,3,480,353,300,232,0.226666667,0
dr033,SA03_Infant_GreenTube,3,450,309,270,135,0.5,0
dr033,SF28_Infant_OballStacker,3,540,377,360,288,0.2,0
dr033,CN14_Adult_StickyBall,3,390,282,210,176,0.161904762,0
dr033,AL38_Adult_Slinky,3,449,167,269,80,0.70260223,1
dr033,HH09_Infant_TwistyGlasses,3,360,256,180,103,0.427777778,0
dr033,SA03_Infant_GreenTube,4,450,448,270,270,0,0
dr033,OH29_Adult_MassageRoller,4,480,350,300,226,0.246666667,0
dr033,CN14_Adult_StickyBall,4,390,367,210,204,0.028571429,0
dr033,SF28_Infant_OballStacker,4,540,436,360,283,0.213888889,0
dr033,HH09_Infant_TwistyGlasses,4,360,259,180,94,0.477777778,0
dr033,AL38_Adult_Slinky,4,449,257,269,164,0.390334572,0
dr033,OH29_Adult_MassageRoller,5,480,332,300,203,0.323333333,0
dr033,SA03_Infant_GreenTube,5,450,308,270,204,0.244444444,0
dr033,SF28_Infant_OballStacker,5,540,479,360,335,0.069444444,0
dr033,CN14_Adult_StickyBall,5,390,143,210,40,0.80952381,1
dr033,AL38_Adult_Slinky,5,449,208,269,126,0.531598513,1
dr033,HH09_Infant_TwistyGlasses,5,360,195,180,67,0.627777778,1
dr033,SA03_Infant_GreenTube,6,450,406,270,267,0.011111111,0
dr033,OH29_Adult_MassageRoller,6,480,346,300,279,0.07,0
dr033,CN14_Adult_StickyBall,6,390,305,210,139,0.338095238,0
dr033,SF28_Infant_OballStacker,6,540,157,360,145,0.597222222,1
dr033,HH09_Infant_TwistyGlasses,6,360,145,180,35,0.805555556,1
dr033,AL38_Adult_Slinky,6,449,323,269,170,0.36802974,0
gc028,OH29_Adult_MassageRoller,1,480,456,300,300,0,0
gc028,HH09_Infant_TwistyGlasses,1,360,141,180,137,0.238888889,0
gc028,SA03_Infant_GreenTube,1,450,410,270,270,0,0
gc028,CN14_Adult_StickyBall,1,390,347,210,210,0,0
gc028,AL38_Adult_Slinky,1,449,139,269,76,0.717472119,1
gc028,SF28_Infant_OballStacker,1,540,495,360,356,0.011111111,0
gc028,HH09_Infant_TwistyGlasses,2,360,355,180,180,0,0
gc028,OH29_Adult_MassageRoller,2,480,133,300,72,0.76,1
gc028,CN14_Adult_StickyBall,2,390,310,210,210,0,0
gc028,SA03_Infant_GreenTube,2,450,120,270,112,0.585185185,1
gc028,SF28_Infant_OballStacker,2,540,482,360,324,0.1,0
gc028,AL38_Adult_Slinky,2,449,122,269,115,0.572490706,1
gc028,OH29_Adult_MassageRoller,3,480,291,300,205,0.316666667,0
gc028,HH09_Infant_TwistyGlasses,3,360,127,180,70,0.611111111,1
gc028,SA03_Infant_GreenTube,3,450,93,270,68,0.748148148,1
gc028,CN14_Adult_StickyBall,3,390,214,210,123,0.414285714,0
gc028,AL38_Adult_Slinky,3,449,312,269,265,0.014869888,0
gc028,SF28_Infant_OballStacker,3,540,523,360,355,0.013888889,0
gc028,HH09_Infant_TwistyGlasses,4,360,171,180,111,0.383333333,0
gc028,OH29_Adult_MassageRoller,4,480,193,300,94,0.686666667,1
gc028,CN14_Adult_StickyBall,4,390,17,210,6,0.971428571,1
gc028,SA03_Infant_GreenTube,4,450,307,270,270,0,0
gc028,SF28_Infant_OballStacker,4,540,496,360,337,0.063888889,0
gc028,AL38_Adult_Slinky,4,449,102,269,68,0.747211896,1
gc028,OH29_Adult_MassageRoller,5,480,102,300,79,0.736666667,1
gc028,HH09_Infant_TwistyGlasses,5,360,279,180,174,0.033333333,0
gc028,SA03_Infant_GreenTube,5,450,292,270,216,0.2,0
gc028,CN14_Adult_StickyBall,5,390,152,210,106,0.495238095,0
gc028,AL38_Adult_Slinky,5,449,223,269,145,0.460966543,0
gc028,SF28_Infant_OballStacker,5,540,338,360,299,0.169444444,0
gc028,HH09_Infant_TwistyGlasses,6,360,43,180,21,0.883333333,1
gc028,OH29_Adult_MassageRoller,6,480,403,300,284,0.053333333,0
gc028,CN14_Adult_StickyBall,6,390,148,210,80,0.619047619,1
gc028,SA03_Infant_GreenTube,6,450,434,270,259,0.040740741,0
gc028,SF28_Infant_OballStacker,6,540,415,360,324,0.1,0
gc028,AL38_Adult_Slinky,6,449,223,269,172,0.360594796,0
gr035,AL38_Adult_Slinky,1,449,368,269,192,0.286245353,0
gr035,SF28_Infant_OballStacker,1,540,253,360,125,0.652777778,1
gr035,SA03_Infant_GreenTube,1,450,334,270,158,0.414814815,0
gr035,OH29_Adult_MassageRoller,1,480,390,300,253,0.156666667,0
gr035,CN14_Adult_StickyBall,1,390,173,210,124,0.40952381,0
gr035,HH09_Infant_TwistyGlasses,1,360,343,180,180,0,0
gr035,SF28_Infant_OballStacker,2,540,417,360,239,0.336111111,0
gr035,AL38_Adult_Slinky,2,449,357,269,248,0.078066914,0
gr035,OH29_Adult_MassageRoller,2,480,436,300,289,0.036666667,0
gr035,SA03_Infant_GreenTube,2,450,220,270,122,0.548148148,1
gr035,HH09_Infant_TwistyGlasses,2,360,217,180,37,0.794444444,1
gr035,CN14_Adult_StickyBall,2,390,129,210,27,0.871428571,1
gr035,AL38_Adult_Slinky,3,449,244,269,138,0.486988848,0
gr035,SF28_Infant_OballStacker,3,540,129,360,103,0.713888889,1
gr035,SA03_Infant_GreenTube,3,450,223,270,163,0.396296296,0
gr035,OH29_Adult_MassageRoller,3,480,372,300,267,0.11,0
gr035,CN14_Adult_StickyBall,3,390,169,210,61,0.70952381,1
gr035,HH09_Infant_TwistyGlasses,3,360,325,180,180,0,0
gr035,SF28_Infant_OballStacker,4,540,297,360,244,0.322222222,0
gr035,AL38_Adult_Slinky,4,449,336,269,225,0.163568773,0
gr035,OH29_Adult_MassageRoller,4,480,288,300,158,0.473333333,0
gr035,SA03_Infant_GreenTube,4,450,379,270,257,0.048148148,0
gr035,HH09_Infant_TwistyGlasses,4,360,262,180,114,0.366666667,0
gr035,CN14_Adult_StickyBall,4,390,287,210,136,0.352380952,0
gr035,AL38_Adult_Slinky,5,449,240,269,137,0.49070632,0
gr035,SF28_Infant_OballStacker,5,540,513,360,360,0,0
gr035,SA03_Infant_GreenTube,5,450,230,270,179,0.337037037,0
hc002,AL38_Infant_Slinky,1,449,449,269,269,0,0
hc002,SA03_Adult_GreenTube,1,450,448,270,270,0,0
hc002,HH09_Adult_TwistyGlasses,1,360,356,180,180,0,0
hc002,OH29_Infant_MassageRoller,1,480,473,300,300,0,0
hc002,CN14_Infant_StickyBall,1,390,390,210,210,0,0
hc002,SF28_Adult_OballStacker,1,540,537,360,360,0,0
hc002,SA03_Adult_GreenTube,2,450,443,270,270,0,0
hc002,AL38_Infant_Slinky,2,449,356,269,230,0.144981413,0
hc002,OH29_Infant_MassageRoller,2,480,282,300,144,0.52,1
hc002,HH09_Adult_TwistyGlasses,2,360,152,180,0,1,1
hc002,SF28_Adult_OballStacker,2,540,540,360,360,0,0
hc002,CN14_Infant_StickyBall,2,390,387,210,210,0,0
hc002,AL38_Infant_Slinky,3,449,448,269,269,0,0
hc002,SA03_Adult_GreenTube,3,450,368,270,243,0.1,0
hc002,HH09_Adult_TwistyGlasses,3,360,93,180,54,0.7,1
hc002,OH29_Infant_MassageRoller,3,480,315,300,281,0.063333333,0
hc002,CN14_Infant_StickyBall,3,390,286,210,210,0,0
hc002,SF28_Adult_OballStacker,3,540,539,360,360,0,0
hc002,SA03_Adult_GreenTube,4,450,448,270,270,0,0
hc002,AL38_Infant_Slinky,4,449,443,269,269,0,0
hc002,OH29_Infant_MassageRoller,4,480,468,300,297,0.01,0
hc002,HH09_Adult_TwistyGlasses,4,360,239,180,180,0,0
hc002,SF28_Adult_OballStacker,4,540,458,360,360,0,0
hc002,CN14_Infant_StickyBall,4,390,219,210,168,0.2,0
hc002,AL38_Infant_Slinky,5,449,320,269,263,0.022304833,0
hc002,SA03_Adult_GreenTube,5,450,217,270,187,0.307407407,0
hc002,HH09_Adult_TwistyGlasses,5,360,146,180,73,0.594444444,1
hc002,OH29_Infant_MassageRoller,5,480,330,300,291,0.03,0
hc002,CN14_Infant_StickyBall,5,390,257,210,210,0,0
hc002,SF28_Adult_OballStacker,5,540,471,360,356,0.011111111,0
hg031,SF28_Infant_OballStacker,1,540,534,360,360,0,0
hg031,AL38_Adult_Slinky,1,449,447,269,269,0,0
hg031,OH29_Adult_MassageRoller,1,480,476,300,297,0.01,0
hg031,SA03_Infant_GreenTube,1,450,439,270,266,0.014814815,0
hg031,HH09_Infant_TwistyGlasses,1,360,355,180,180,0,0
hg031,CN14_Adult_StickyBall,1,390,385,210,210,0,0
hg031,AL38_Adult_Slinky,2,449,444,269,269,0,0
hg031,SF28_Infant_OballStacker,2,540,516,360,360,0,0
hg031,SA03_Infant_GreenTube,2,450,446,270,269,0.003703704,0
hg031,OH29_Adult_MassageRoller,2,480,456,300,300,0,0
hg031,CN14_Adult_StickyBall,2,390,370,210,210,0,0
hg031,HH09_Infant_TwistyGlasses,2,360,354,180,180,0,0
hg031,SF28_Infant_OballStacker,3,540,532,360,356,0.011111111,0
hg031,AL38_Adult_Slinky,3,449,412,269,237,0.118959108,0
hg031,OH29_Adult_MassageRoller,3,480,461,300,292,0.026666667,0
hg031,SA03_Infant_GreenTube,3,450,404,270,265,0.018518519,0
hg031,HH09_Infant_TwistyGlasses,3,360,344,180,174,0.033333333,0
hg031,CN14_Adult_StickyBall,3,390,365,210,210,0,0
hg031,AL38_Adult_Slinky,4,449,416,269,256,0.048327138,0
hg031,SF28_Infant_OballStacker,4,540,527,360,360,0,0
hg031,SA03_Infant_GreenTube,4,450,441,270,270,0,0
hg031,OH29_Adult_MassageRoller,4,480,400,300,291,0.03,0
hg031,CN14_Adult_StickyBall,4,390,373,210,210,0,0
hg031,HH09_Infant_TwistyGlasses,4,360,348,180,179,0.005555556,0
hg031,SF28_Infant_OballStacker,5,540,523,360,360,0,0
hg031,AL38_Adult_Slinky,5,449,428,269,264,0.018587361,0
hg031,OH29_Adult_MassageRoller,5,480,463,300,298,0.006666667,0
hg031,SA03_Infant_GreenTube,5,450,359,270,259,0.040740741,0
hg031,HH09_Infant_TwistyGlasses,5,360,289,180,180,0,0
hg031,CN14_Adult_StickyBall,5,390,356,210,210,0,0
hg031,AL38_Adult_Slinky,6,449,359,269,222,0.17472119,0
hg031,SF28_Infant_OballStacker,6,540,506,360,360,0,0
hg031,SA03_Infant_GreenTube,6,450,396,270,217,0.196296296,0
hg031,OH29_Adult_MassageRoller,6,480,475,300,296,0.013333333,0
hg031,CN14_Adult_StickyBall,6,390,358,210,210,0,0
hg031,HH09_Infant_TwistyGlasses,6,360,353,180,175,0.027777778,0
ht003,CN14_Adult_StickyBall,1,390,307,210,155,0.261904762,0
ht003,HH09_Infant_TwistyGlasses,1,360,254,180,170,0.055555556,0
ht003,SA03_Infant_GreenTube,1,450,410,270,258,0.044444444,0
ht003,AL38_Adult_Slinky,1,449,443,269,269,0,0
ht003,OH29_Adult_MassageRoller,1,480,445,300,298,0.006666667,0
ht003,SF28_Infant_OballStacker,1,540,515,360,353,0.019444444,0
ht003,HH09_Infant_TwistyGlasses,2,360,353,180,180,0,0
ht003,CN14_Adult_StickyBall,2,390,301,210,150,0.285714286,0
ht003,AL38_Adult_Slinky,2,449,432,269,266,0.011152416,0
ht003,SA03_Infant_GreenTube,2,450,417,270,270,0,0
ht003,SF28_Infant_OballStacker,2,540,502,360,329,0.086111111,0
ht003,OH29_Adult_MassageRoller,2,480,401,300,271,0.096666667,0
ht003,CN14_Adult_StickyBall,3,390,385,210,210,0,0
ht003,HH09_Infant_TwistyGlasses,3,360,200,180,165,0.083333333,0
ht003,SA03_Infant_GreenTube,3,450,246,270,160,0.407407407,0
ht003,AL38_Adult_Slinky,3,449,357,269,269,0,0
ht003,OH29_Adult_MassageRoller,3,480,232,300,214,0.286666667,0
ht003,SF28_Infant_OballStacker,3,540,460,360,334,0.072222222,0
ht003,HH09_Infant_TwistyGlasses,4,360,313,180,173,0.038888889,0
ht003,CN14_Adult_StickyBall,4,390,36,210,0,1,1
ht003,AL38_Adult_Slinky,4,449,365,269,269,0,0
ht003,SA03_Infant_GreenTube,4,450,51,270,0,1,1
ht003,SF28_Infant_OballStacker,4,540,421,360,355,0.013888889,0
ht003,OH29_Adult_MassageRoller,4,480,189,300,181,0.396666667,0
ht003,CN14_Adult_StickyBall,5,390,383,210,210,0,0
ht003,HH09_Infant_TwistyGlasses,5,360,54,180,0,1,1
ht003,SA03_Infant_GreenTube,5,450,103,270,103,0.618518519,1
ht003,AL38_Adult_Slinky,5,449,293,269,263,0.022304833,0
ht003,OH29_Adult_MassageRoller,5,480,373,300,252,0.16,0
ht003,SF28_Infant_OballStacker,5,540,389,360,307,0.147222222,0
ki009,HH09_Infant_TwistyGlasses,1,360,343,180,179,0.005555556,0
ki009,AL38_Adult_Slinky,1,448,431,268,262,0.02238806,0
ki009,CN14_Adult_StickyBall,1,390,205,210,154,0.266666667,0
ki009,SF28_Infant_OballStacker,1,540,500,360,347,0.036111111,0
ki009,SA03_Infant_GreenTube,1,450,426,270,270,0,0
ki009,OH29_Adult_MassageRoller,1,480,440,300,269,0.103333333,0
ki009,AL38_Adult_Slinky,2,450,408,270,252,0.066666667,0
ki009,HH09_Infant_TwistyGlasses,2,360,348,180,180,0,0
ki009,SF28_Infant_OballStacker,2,540,540,360,360,0,0
ki009,CN14_Adult_StickyBall,2,390,381,210,210,0,0
ki009,OH29_Adult_MassageRoller,2,480,479,300,300,0,0
ki009,SA03_Infant_GreenTube,2,450,450,270,270,0,0
ki009,HH09_Infant_TwistyGlasses,3,360,335,180,180,0,0
ki009,AL38_Adult_Slinky,3,450,414,270,270,0,0
ki009,CN14_Adult_StickyBall,3,390,386,210,207,0.014285714,0
ki009,SF28_Infant_OballStacker,3,540,527,360,353,0.019444444,0
ki009,SA03_Infant_GreenTube,3,450,435,270,265,0.018518519,0
ki009,OH29_Adult_MassageRoller,3,480,334,300,221,0.263333333,0
ki009,AL38_Adult_Slinky,4,448,358,268,259,0.03358209,0
ki009,HH09_Infant_TwistyGlasses,4,360,230,180,168,0.066666667,0
ki009,SF28_Infant_OballStacker,4,540,531,360,360,0,0
ki009,CN14_Adult_StickyBall,4,390,187,210,58,0.723809524,1
ki009,OH29_Adult_MassageRoller,4,480,72,300,45,0.85,1
ki009,SA03_Infant_GreenTube,4,450,30,270,21,0.922222222,1
ki009,HH09_Infant_TwistyGlasses,5,360,309,180,180,0,0
ki009,AL38_Adult_Slinky,5,448,192,268,166,0.380597015,0
ki009,CN14_Adult_StickyBall,5,390,348,210,209,0.004761905,0
ki009,SF28_Infant_OballStacker,5,540,528,360,356,0.011111111,0
ki009,SA03_Infant_GreenTube,5,450,134,270,79,0.707407407,1
ki009,OH29_Adult_MassageRoller,5,480,346,300,283,0.056666667,0
ki009,AL38_Adult_Slinky,6,450,430,270,252,0.066666667,0
ki009,HH09_Infant_TwistyGlasses,6,360,348,180,180,0,0
ki009,SF28_Infant_OballStacker,6,540,90,360,74,0.794444444,1
ki009,CN14_Adult_StickyBall,6,390,146,210,108,0.485714286,0
ki009,OH29_Adult_MassageRoller,6,480,247,300,130,0.566666667,1
ki009,SA03_Infant_GreenTube,6,450,134,270,122,0.548148148,1
la004,CN14_Adult_StickyBall,1,390,360,210,188,0.104761905,0
la004,SF28_Infant_OballStacker,1,540,494,360,336,0.066666667,0
la004,HH09_Infant_TwistyGlasses,1,360,310,180,149,0.172222222,0
la004,OH29_Adult_MassageRoller,1,480,457,300,288,0.04,0
la004,AL38_Adult_Slinky,1,449,395,269,247,0.081784387,0
la004,SA03_Infant_GreenTube,1,450,204,270,117,0.566666667,1
la004,SF28_Infant_OballStacker,2,540,457,360,358,0.005555556,0
la004,CN14_Adult_StickyBall,2,390,390,210,210,0,0
la004,OH29_Adult_MassageRoller,2,480,470,300,297,0.01,0
la004,HH09_Infant_TwistyGlasses,2,360,123,180,46,0.744444444,1
la004,SA03_Infant_GreenTube,2,450,407,270,270,0,0
la004,AL38_Adult_Slinky,2,449,428,269,268,0.003717472,0
la004,CN14_Adult_StickyBall,3,390,376,210,210,0,0
la004,SF28_Infant_OballStacker,3,540,422,360,353,0.019444444,0
la004,HH09_Infant_TwistyGlasses,3,360,164,180,21,0.883333333,1
la004,OH29_Adult_MassageRoller,3,480,475,300,300,0,0
la004,AL38_Adult_Slinky,3,449,418,269,244,0.092936803,0
la004,SA03_Infant_GreenTube,3,450,34,270,0,1,1
la004,SF28_Infant_OballStacker,4,540,461,360,334,0.072222222,0
la004,CN14_Adult_StickyBall,4,390,371,210,210,0,0
la004,OH29_Adult_MassageRoller,4,480,161,300,53,0.823333333,1
la004,HH09_Infant_TwistyGlasses,4,360,184,180,158,0.122222222,0
la004,SA03_Infant_GreenTube,4,450,227,270,197,0.27037037,0
la004,AL38_Adult_Slinky,4,449,298,269,167,0.379182156,0
la004,CN14_Adult_StickyBall,5,390,12,210,5,0.976190476,1
la004,SF28_Infant_OballStacker,5,540,276,360,259,0.280555556,0
la004,HH09_Infant_TwistyGlasses,5,360,32,180,3,0.983333333,1
la004,OH29_Adult_MassageRoller,5,480,312,300,280,0.066666667,0
la004,AL38_Adult_Slinky,5,449,237,269,229,0.148698885,0
la004,SA03_Infant_GreenTube,5,450,275,270,246,0.088888889,0
la004,SF28_Infant_OballStacker,6,540,439,360,341,0.052777778,0
la004,CN14_Adult_StickyBall,6,390,205,210,123,0.414285714,0
la004,OH29_Adult_MassageRoller,6,480,467,300,297,0.01,0
la004,HH09_Infant_TwistyGlasses,6,360,327,180,168,0.066666667,0
la004,SA03_Infant_GreenTube,6,450,442,270,270,0,0
la004,AL38_Adult_Slinky,6,449,443,269,269,0,0
mg023,CN14_Adult_StickyBall,1,390,378,210,210,0,0
mg023,HH09_Infant_TwistyGlasses,1,360,340,180,180,0,0
mg023,SA03_Infant_GreenTube,1,450,378,270,246,0.088888889,0
mg023,AL38_Adult_Slinky,1,449,449,269,269,0,0
mg023,OH29_Adult_MassageRoller,1,480,417,300,300,0,0
mg023,SF28_Infant_OballStacker,1,540,453,360,317,0.119444444,0
mg023,HH09_Infant_TwistyGlasses,2,360,293,180,177,0.016666667,0
mg023,CN14_Adult_StickyBall,2,390,307,210,146,0.304761905,0
mg023,AL38_Adult_Slinky,2,449,315,269,194,0.278810409,0
mg023,SA03_Infant_GreenTube,2,450,298,270,229,0.151851852,0
mg023,SF28_Infant_OballStacker,2,540,383,360,247,0.313888889,0
mg023,OH29_Adult_MassageRoller,2,480,436,300,295,0.016666667,0
mg023,CN14_Adult_StickyBall,3,390,307,210,178,0.152380952,0
mg023,HH09_Infant_TwistyGlasses,3,360,178,180,94,0.477777778,0
mg023,SA03_Infant_GreenTube,3,450,126,270,78,0.711111111,1
mg023,AL38_Adult_Slinky,3,449,374,269,226,0.159851301,0
mg023,OH29_Adult_MassageRoller,3,480,247,300,177,0.41,0
mg023,SF28_Infant_OballStacker,3,540,302,360,203,0.436111111,0
mg023,HH09_Infant_TwistyGlasses,4,360,342,180,180,0,0
mg023,CN14_Adult_StickyBall,4,390,191,210,169,0.195238095,0
mg023,AL38_Adult_Slinky,4,449,416,269,269,0,0
mg023,SA03_Infant_GreenTube,4,450,362,270,267,0.011111111,0
mg023,SF28_Infant_OballStacker,4,540,452,360,350,0.027777778,0
mg023,OH29_Adult_MassageRoller,4,480,296,300,262,0.126666667,0
mg023,CN14_Adult_StickyBall,5,390,237,210,137,0.347619048,0
mg023,HH09_Infant_TwistyGlasses,5,360,253,180,176,0.022222222,0
mg023,SA03_Infant_GreenTube,5,450,267,270,176,0.348148148,0
mg023,AL38_Adult_Slinky,5,449,407,269,262,0.026022305,0
mg023,OH29_Adult_MassageRoller,5,480,169,300,168,0.44,0
mg023,SF28_Infant_OballStacker,5,540,407,360,304,0.155555556,0
mg023,HH09_Infant_TwistyGlasses,6,360,272,180,175,0.027777778,0
mg023,CN14_Adult_StickyBall,6,390,338,210,209,0.004761905,0
mg023,AL38_Adult_Slinky,6,449,443,269,269,0,0
mg023,SA03_Infant_GreenTube,6,450,435,270,265,0.018518519,0
mg023,SF28_Infant_OballStacker,6,540,471,360,301,0.163888889,0
mg023,OH29_Adult_MassageRoller,6,480,204,300,177,0.41,0
mo008,SA03_Infant_GreenTube,1,450,257,270,189,0.3,0
mo008,CN14_Adult_StickyBall,1,390,349,210,175,0.166666667,0
mo008,OH29_Adult_MassageRoller,1,480,407,300,235,0.216666667,0
mo008,HH09_Infant_TwistyGlasses,1,360,310,180,155,0.138888889,0
mo008,SF28_Infant_OballStacker,1,540,418,360,331,0.080555556,0
mo008,AL38_Adult_Slinky,1,449,422,269,245,0.089219331,0
mo008,CN14_Adult_StickyBall,2,390,366,210,208,0.00952381,0
mo008,SA03_Infant_GreenTube,2,450,358,270,184,0.318518519,0
mo008,HH09_Infant_TwistyGlasses,2,360,345,180,176,0.022222222,0
mo008,OH29_Adult_MassageRoller,2,480,424,300,246,0.18,0
mo008,AL38_Adult_Slinky,2,449,404,269,232,0.137546468,0
mo008,SF28_Infant_OballStacker,2,540,487,360,314,0.127777778,0
mo008,SA03_Infant_GreenTube,3,450,283,270,115,0.574074074,1
mo008,CN14_Adult_StickyBall,3,390,223,210,76,0.638095238,1
mo008,OH29_Adult_MassageRoller,3,480,311,300,171,0.43,0
mo008,HH09_Infant_TwistyGlasses,3,360,323,180,177,0.016666667,0
mo008,SF28_Infant_OballStacker,3,540,445,360,348,0.033333333,0
mo008,AL38_Adult_Slinky,3,449,209,269,75,0.721189591,1
mo008,CN14_Adult_StickyBall,4,390,357,210,191,0.09047619,0
mo008,SA03_Infant_GreenTube,4,450,199,270,90,0.666666667,1
mo008,HH09_Infant_TwistyGlasses,4,360,340,180,175,0.027777778,0
mo008,OH29_Adult_MassageRoller,4,480,459,300,282,0.06,0
mo008,AL38_Adult_Slinky,4,449,294,269,209,0.223048327,0
mo008,SF28_Infant_OballStacker,4,540,445,360,299,0.169444444,0
mo008,SA03_Infant_GreenTube,5,450,311,270,154,0.42962963,0
mo008,CN14_Adult_StickyBall,5,390,194,210,72,0.657142857,1
mo008,OH29_Adult_MassageRoller,5,480,329,300,264,0.12,0
mo008,HH09_Infant_TwistyGlasses,5,360,254,180,156,0.133333333,0
mo008,SF28_Infant_OballStacker,5,540,520,360,353,0.019444444,0
mo008,AL38_Adult_Slinky,5,449,276,269,232,0.137546468,0
mo008,CN14_Adult_StickyBall,6,390,289,210,151,0.280952381,0
mo008,SA03_Infant_GreenTube,6,450,364,270,246,0.088888889,0
mo008,HH09_Infant_TwistyGlasses,6,360,172,180,21,0.883333333,1
mo008,OH29_Adult_MassageRoller,6,480,76,300,39,0.87,1
mo008,AL38_Adult_Slinky,6,449,238,269,174,0.353159851,0
mo008,SF28_Infant_OballStacker,6,540,331,360,301,0.163888889,0
om014,SA03_Adult_GreenTube,1,450,343,270,225,0.166666667,0
om014,AL38_Infant_Slinky,1,449,442,269,269,0,0
om014,OH29_Infant_MassageRoller,1,480,424,300,300,0,0
om014,HH09_Adult_TwistyGlasses,1,360,348,180,179,0.005555556,0
om014,SF28_Adult_OballStacker,1,540,332,360,240,0.333333333,0
om014,CN14_Infant_StickyBall,1,390,208,210,102,0.514285714,1
om014,AL38_Infant_Slinky,2,449,439,269,265,0.014869888,0
om014,SA03_Adult_GreenTube,2,450,355,270,183,0.322222222,0
om014,HH09_Adult_TwistyGlasses,2,360,360,180,180,0,0
om014,OH29_Infant_MassageRoller,2,480,425,300,284,0.053333333,0
om014,CN14_Infant_StickyBall,2,390,277,210,128,0.39047619,0
om014,SF28_Adult_OballStacker,2,540,212,360,160,0.555555556,1
om014,SA03_Adult_GreenTube,3,450,440,270,263,0.025925926,0
om014,AL38_Infant_Slinky,3,449,338,269,251,0.066914498,0
om014,OH29_Infant_MassageRoller,3,480,480,300,300,0,0
om014,HH09_Adult_TwistyGlasses,3,360,240,180,145,0.194444444,0
om014,SF28_Adult_OballStacker,3,540,445,360,316,0.122222222,0
om014,CN14_Infant_StickyBall,3,390,390,210,210,0,0
om014,AL38_Infant_Slinky,4,449,443,269,269,0,0
om014,SA03_Adult_GreenTube,4,450,378,270,221,0.181481481,0
om014,HH09_Adult_TwistyGlasses,4,360,273,180,108,0.4,0
om014,OH29_Infant_MassageRoller,4,480,478,300,300,0,0
om014,CN14_Infant_StickyBall,4,390,137,210,74,0.647619048,1
om014,SF28_Adult_OballStacker,4,540,411,360,320,0.111111111,0
om014,SA03_Adult_GreenTube,5,450,450,270,270,0,0
om014,AL38_Infant_Slinky,5,449,341,269,257,0.044609665,0
om014,OH29_Infant_MassageRoller,5,480,267,300,244,0.186666667,0
om014,HH09_Adult_TwistyGlasses,5,360,69,180,29,0.838888889,1
om014,SF28_Adult_OballStacker,5,540,67,360,36,0.9,1
om014,CN14_Infant_StickyBall,5,390,39,210,6,0.971428571,1
om014,AL38_Infant_Slinky,6,449,154,269,59,0.780669145,1
om014,SA03_Adult_GreenTube,6,450,136,270,91,0.662962963,1
pl024,OH29_Adult_MassageRoller,1,480,479,300,300,0,0
pl024,SF28_Infant_OballStacker,1,540,540,360,360,0,0
pl024,HH09_Infant_TwistyGlasses,1,360,246,180,103,0.427777778,0
pl024,CN14_Adult_StickyBall,1,390,347,210,210,0,0
pl024,AL38_Adult_Slinky,1,449,311,269,231,0.141263941,0
pl024,SA03_Infant_GreenTube,1,450,215,270,129,0.522222222,1
pl024,SF28_Infant_OballStacker,2,540,408,360,322,0.105555556,0
pl024,OH29_Adult_MassageRoller,2,480,389,300,294,0.02,0
pl024,CN14_Adult_StickyBall,2,390,223,210,117,0.442857143,0
pl024,HH09_Infant_TwistyGlasses,2,360,262,180,167,0.072222222,0
pl024,SA03_Infant_GreenTube,2,450,445,270,265,0.018518519,0
pl024,AL38_Adult_Slinky,2,449,439,269,267,0.007434944,0
pl024,OH29_Adult_MassageRoller,3,480,300,300,226,0.246666667,0
pl024,SF28_Infant_OballStacker,3,540,380,360,236,0.344444444,0
pl024,HH09_Infant_TwistyGlasses,3,360,99,180,19,0.894444444,1
pl024,CN14_Adult_StickyBall,3,390,305,210,180,0.142857143,0
pl024,AL38_Adult_Slinky,3,449,413,269,252,0.063197026,0
pl024,SA03_Infant_GreenTube,3,450,236,270,159,0.411111111,0
pl024,SF28_Infant_OballStacker,4,540,422,360,314,0.127777778,0
pl024,OH29_Adult_MassageRoller,4,480,466,300,288,0.04,0
pl024,CN14_Adult_StickyBall,4,390,337,210,183,0.128571429,0
pl024,HH09_Infant_TwistyGlasses,4,360,265,180,121,0.327777778,0
pl024,SA03_Infant_GreenTube,4,450,271,270,118,0.562962963,1
pl024,AL38_Adult_Slinky,4,449,392,269,269,0,0
pl024,OH29_Adult_MassageRoller,5,480,290,300,262,0.126666667,0
pl024,SF28_Infant_OballStacker,5,540,482,360,328,0.088888889,0
pl024,HH09_Infant_TwistyGlasses,5,360,263,180,91,0.494444444,0
pl024,CN14_Adult_StickyBall,5,390,193,210,88,0.580952381,1
pl024,AL38_Adult_Slinky,5,449,193,269,164,0.390334572,0
pl024,SA03_Infant_GreenTube,5,450,287,270,165,0.388888889,0
pl024,SF28_Infant_OballStacker,6,540,392,360,219,0.391666667,0
pm021,OH29_Infant_MassageRoller,1,480,413,300,300,0,0
pm021,SA03_Adult_GreenTube,1,450,444,270,270,0,0
pm021,SF28_Adult_OballStacker,1,540,534,360,360,0,0
pm021,AL38_Infant_Slinky,1,449,446,269,269,0,0
pm021,CN14_Infant_StickyBall,1,390,378,210,206,0.019047619,0
pm021,HH09_Adult_TwistyGlasses,1,360,353,180,180,0,0
pm021,SA03_Adult_GreenTube,2,450,330,270,213,0.211111111,0
pm021,OH29_Infant_MassageRoller,2,480,447,300,280,0.066666667,0
pm021,AL38_Infant_Slinky,2,449,374,269,196,0.271375465,0
pm021,SF28_Adult_OballStacker,2,540,540,360,360,0,0
pm021,HH09_Adult_TwistyGlasses,2,360,295,180,145,0.194444444,0
pm021,CN14_Infant_StickyBall,2,390,363,210,201,0.042857143,0
pm021,OH29_Infant_MassageRoller,3,480,250,300,250,0.166666667,0
pm021,SA03_Adult_GreenTube,3,450,366,270,255,0.055555556,0
pm021,SF28_Adult_OballStacker,3,540,452,360,351,0.025,0
pm021,AL38_Infant_Slinky,3,449,359,269,263,0.022304833,0
pm021,CN14_Infant_StickyBall,3,390,299,210,135,0.357142857,0
pm021,HH09_Adult_TwistyGlasses,3,360,285,180,153,0.15,0
pm021,SA03_Adult_GreenTube,4,450,258,270,146,0.459259259,0
pm021,OH29_Infant_MassageRoller,4,480,115,300,89,0.703333333,1
pp006,SA03_Infant_GreenTube,1,450,440,270,260,0.037037037,0
pp006,AL38_Adult_Slinky,1,449,447,269,269,0,0
pp006,OH29_Adult_MassageRoller,1,480,460,300,284,0.053333333,0
pp006,SF28_Infant_OballStacker,1,540,419,360,285,0.208333333,0
pp006,HH09_Infant_TwistyGlasses,1,360,306,180,172,0.044444444,0
pp006,CN14_Adult_StickyBall,1,390,370,210,197,0.061904762,0
pp006,AL38_Adult_Slinky,2,449,366,269,187,0.304832714,0
pp006,SA03_Infant_GreenTube,2,450,441,270,265,0.018518519,0
pp006,SF28_Infant_OballStacker,2,540,529,360,357,0.008333333,0
pp006,OH29_Adult_MassageRoller,2,480,356,300,217,0.276666667,0
pp006,CN14_Adult_StickyBall,2,390,365,210,210,0,0
pp006,HH09_Infant_TwistyGlasses,2,360,210,180,91,0.494444444,0
pp006,SA03_Infant_GreenTube,3,450,429,270,265,0.018518519,0
pp006,AL38_Adult_Slinky,3,449,430,269,251,0.066914498,0
pp006,OH29_Adult_MassageRoller,3,480,466,300,296,0.013333333,0
pp006,SF28_Infant_OballStacker,3,540,540,360,360,0,0
pp006,HH09_Infant_TwistyGlasses,3,360,345,180,174,0.033333333,0
pp006,CN14_Adult_StickyBall,3,390,354,210,174,0.171428571,0
pp006,AL38_Adult_Slinky,4,449,449,269,269,0,0
pp006,SA03_Infant_GreenTube,4,450,444,270,268,0.007407407,0
pp006,SF28_Infant_OballStacker,4,540,521,360,347,0.036111111,0
pp006,OH29_Adult_MassageRoller,4,480,480,300,300,0,0
pp006,CN14_Adult_StickyBall,4,390,382,210,208,0.00952381,0
pp006,HH09_Infant_TwistyGlasses,4,360,331,180,156,0.133333333,0
pp006,SA03_Infant_GreenTube,5,450,326,270,166,0.385185185,0
pp006,AL38_Adult_Slinky,5,449,425,269,246,0.085501859,0
pp006,OH29_Adult_MassageRoller,5,480,476,300,297,0.01,0
pp006,SF28_Infant_OballStacker,5,540,497,360,354,0.016666667,0
pp006,HH09_Infant_TwistyGlasses,5,360,360,180,180,0,0
pp006,CN14_Adult_StickyBall,5,390,385,210,209,0.004761905,0
pp006,AL38_Adult_Slinky,6,449,448,269,268,0.003717472,0
pp006,SA03_Infant_GreenTube,6,450,415,270,241,0.107407407,0
pp006,SF28_Infant_OballStacker,6,540,526,360,354,0.016666667,0
pp006,OH29_Adult_MassageRoller,6,480,475,300,300,0,0
pp006,CN14_Adult_StickyBall,6,390,390,210,210,0,0
pp006,HH09_Infant_TwistyGlasses,6,360,237,180,138,0.233333333,0
ps017,AL38_Infant_Slinky,1,449,401,269,269,0,0
ps017,SA03_Adult_GreenTube,1,450,438,270,270,0,0
ps017,SF28_Adult_OballStacker,1,540,535,360,355,0.013888889,0
ps017,OH29_Infant_MassageRoller,1,480,480,300,300,0,0
ps017,CN14_Infant_StickyBall,1,390,390,210,210,0,0
ps017,HH09_Adult_TwistyGlasses,1,360,310,180,139,0.227777778,0
ps017,SA03_Adult_GreenTube,2,450,357,270,226,0.162962963,0
ps017,AL38_Infant_Slinky,2,449,432,269,252,0.063197026,0
ps017,OH29_Infant_MassageRoller,2,480,480,300,300,0,0
ps017,SF28_Adult_OballStacker,2,540,521,360,347,0.036111111,0
ps017,HH09_Adult_TwistyGlasses,2,360,339,180,177,0.016666667,0
ps017,CN14_Infant_StickyBall,2,390,362,210,200,0.047619048,0
ps017,AL38_Infant_Slinky,3,449,417,269,250,0.07063197,0
ps017,SA03_Adult_GreenTube,3,450,360,270,188,0.303703704,0
ps017,SF28_Adult_OballStacker,3,540,537,360,360,0,0
ps017,OH29_Infant_MassageRoller,3,480,403,300,288,0.04,0
ps017,CN14_Infant_StickyBall,3,390,384,210,210,0,0
ps017,HH09_Adult_TwistyGlasses,3,360,344,180,180,0,0
ps017,SA03_Adult_GreenTube,4,450,385,270,265,0.018518519,0
ps017,AL38_Infant_Slinky,4,449,337,269,256,0.048327138,0
ps017,OH29_Infant_MassageRoller,4,480,399,300,289,0.036666667,0
ps017,SF28_Adult_OballStacker,4,540,506,360,354,0.016666667,0
ps017,HH09_Adult_TwistyGlasses,4,360,311,180,178,0.011111111,0
ps017,CN14_Infant_StickyBall,4,390,359,210,198,0.057142857,0
ps017,AL38_Infant_Slinky,5,449,439,269,259,0.037174721,0
ps017,SA03_Adult_GreenTube,5,450,450,270,270,0,0
ps017,SF28_Adult_OballStacker,5,540,534,360,357,0.008333333,0
ps017,OH29_Infant_MassageRoller,5,480,477,300,297,0.01,0
ps017,CN14_Infant_StickyBall,5,390,386,210,206,0.019047619,0
ps017,HH09_Adult_TwistyGlasses,5,360,232,180,145,0.194444444,0
ps017,SA03_Adult_GreenTube,6,450,428,270,266,0.014814815,0
ps017,AL38_Infant_Slinky,6,449,212,269,90,0.665427509,1
ps017,OH29_Infant_MassageRoller,6,480,395,300,283,0.056666667,0
ps017,SF28_Adult_OballStacker,6,540,427,360,344,0.044444444,0
ps017,HH09_Adult_TwistyGlasses,6,360,360,180,180,0,0
ps017,CN14_Infant_StickyBall,6,390,381,210,201,0.042857143,0
rd034,AL38_Infant_Slinky,1,449,449,269,269,0,0
rd034,SF28_Adult_OballStacker,1,540,531,360,360,0,0
rd034,SA03_Adult_GreenTube,1,450,450,270,270,0,0
rd034,OH29_Infant_MassageRoller,1,480,480,300,300,0,0
rd034,CN14_Infant_StickyBall,1,390,385,210,205,0.023809524,0
rd034,HH09_Adult_TwistyGlasses,1,360,360,180,180,0,0
rd034,SF28_Adult_OballStacker,2,540,540,360,360,0,0
rd034,AL38_Infant_Slinky,2,449,449,269,269,0,0
rd034,OH29_Infant_MassageRoller,2,480,480,300,300,0,0
rd034,SA03_Adult_GreenTube,2,450,434,270,270,0,0
rd034,HH09_Adult_TwistyGlasses,2,360,292,180,156,0.133333333,0
rd034,CN14_Infant_StickyBall,2,390,368,210,210,0,0
rd034,AL38_Infant_Slinky,3,449,449,269,269,0,0
rd034,SF28_Adult_OballStacker,3,540,422,360,326,0.094444444,0
rd034,SA03_Adult_GreenTube,3,450,398,270,231,0.144444444,0
rd034,OH29_Infant_MassageRoller,3,480,480,300,300,0,0
rd034,CN14_Infant_StickyBall,3,390,379,210,210,0,0
rd034,HH09_Adult_TwistyGlasses,3,360,360,180,180,0,0
rd034,SF28_Adult_OballStacker,4,540,539,360,360,0,0
rd034,AL38_Infant_Slinky,4,449,448,269,269,0,0
rd034,OH29_Infant_MassageRoller,4,480,458,300,278,0.073333333,0
rd034,SA03_Adult_GreenTube,4,450,205,270,91,0.662962963,1
rd034,HH09_Adult_TwistyGlasses,4,360,142,180,104,0.422222222,0
rd034,CN14_Infant_StickyBall,4,390,390,210,210,0,0
rd034,AL38_Infant_Slinky,5,449,298,269,214,0.204460967,0
rd034,SF28_Adult_OballStacker,5,540,464,360,360,0,0
rd034,SA03_Adult_GreenTube,5,450,444,270,270,0,0
rd034,OH29_Infant_MassageRoller,5,480,188,300,64,0.786666667,1
rd034,CN14_Infant_StickyBall,5,390,334,210,196,0.066666667,0
rd034,HH09_Adult_TwistyGlasses,5,360,203,180,66,0.633333333,1
rd034,SF28_Adult_OballStacker,6,540,519,360,360,0,0
rd034,AL38_Infant_Slinky,6,449,449,269,269,0,0
rd034,OH29_Infant_MassageRoller,6,480,195,300,122,0.593333333,1
rd034,SA03_Adult_GreenTube,6,450,230,270,97,0.640740741,1
re027,HH09_Infant_TwistyGlasses,1,360,360,180,180,0,0
re027,OH29_Adult_MassageRoller,1,480,307,300,197,0.343333333,0
re027,CN14_Adult_StickyBall,1,390,388,210,210,0,0
re027,SA03_Infant_GreenTube,1,450,337,270,209,0.225925926,0
re027,SF28_Infant_OballStacker,1,540,436,360,357,0.008333333,0
re027,AL38_Adult_Slinky,1,449,437,269,264,0.018587361,0
re027,OH29_Adult_MassageRoller,2,480,480,300,300,0,0
re027,HH09_Infant_TwistyGlasses,2,360,357,180,180,0,0
re027,SA03_Infant_GreenTube,2,450,396,270,221,0.181481481,0
re027,CN14_Adult_StickyBall,2,390,378,210,202,0.038095238,0
re027,AL38_Adult_Slinky,2,449,364,269,215,0.200743494,0
re027,SF28_Infant_OballStacker,2,540,506,360,345,0.041666667,0
re027,HH09_Infant_TwistyGlasses,3,360,309,180,171,0.05,0
re027,OH29_Adult_MassageRoller,3,480,458,300,284,0.053333333,0
re027,CN14_Adult_StickyBall,3,390,369,210,204,0.028571429,0
sb010,SA03_Adult_GreenTube,1,450,445,270,270,0,0
sb010,AL38_Infant_Slinky,1,449,445,269,269,0,0
sb010,CN14_Infant_StickyBall,1,390,293,210,150,0.285714286,0
sb010,SF28_Adult_OballStacker,1,540,466,360,309,0.141666667,0
sb010,HH09_Adult_TwistyGlasses,1,360,329,180,150,0.166666667,0
sb010,OH29_Infant_MassageRoller,1,480,366,300,238,0.206666667,0
sb010,AL38_Infant_Slinky,2,449,288,269,151,0.43866171,0
sb010,SA03_Adult_GreenTube,2,450,296,270,225,0.166666667,0
sb010,SF28_Adult_OballStacker,2,540,493,360,355,0.013888889,0
sb010,CN14_Infant_StickyBall,2,390,354,210,210,0,0
sb010,OH29_Infant_MassageRoller,2,480,393,300,246,0.18,0
sb010,HH09_Adult_TwistyGlasses,2,360,350,180,174,0.033333333,0
sb010,SA03_Adult_GreenTube,3,450,278,270,130,0.518518519,1
sb010,AL38_Infant_Slinky,3,449,234,269,121,0.550185874,1
sb010,CN14_Infant_StickyBall,3,390,269,210,93,0.557142857,1
sb010,SF28_Adult_OballStacker,3,540,322,360,211,0.413888889,0
sb010,HH09_Adult_TwistyGlasses,3,360,180,180,61,0.661111111,1
sb010,OH29_Infant_MassageRoller,3,480,163,300,79,0.736666667,1
sb010,AL38_Infant_Slinky,4,449,156,269,54,0.799256506,1
sb010,SA03_Adult_GreenTube,4,450,212,270,118,0.562962963,1
sb010,SF28_Adult_OballStacker,4,540,446,360,316,0.122222222,0
sb010,CN14_Infant_StickyBall,4,390,94,210,58,0.723809524,1
sb010,OH29_Infant_MassageRoller,4,480,189,300,133,0.556666667,1
sb010,HH09_Adult_TwistyGlasses,4,360,18,180,2,0.988888889,1
sb010,SA03_Adult_GreenTube,5,450,254,270,179,0.337037037,0
sb010,AL38_Infant_Slinky,5,449,168,269,92,0.657992565,1
sb010,CN14_Infant_StickyBall,5,390,162,210,106,0.495238095,0
sb010,SF28_Adult_OballStacker,5,540,528,360,354,0.016666667,0
sb010,HH09_Adult_TwistyGlasses,5,360,172,180,106,0.411111111,0
sb010,OH29_Infant_MassageRoller,5,480,409,300,296,0.013333333,0
sb010,AL38_Infant_Slinky,6,449,207,269,63,0.765799257,1
sb010,SA03_Adult_GreenTube,6,450,280,270,221,0.181481481,0
sb010,SF28_Adult_OballStacker,6,540,423,360,359,0.002777778,0
sb010,CN14_Infant_StickyBall,6,390,185,210,34,0.838095238,1
sb010,OH29_Infant_MassageRoller,6,480,450,300,270,0.1,0
sb010,HH09_Adult_TwistyGlasses,6,360,334,180,176,0.022222222,0
sj005,SF28_Adult_OballStacker,1,540,540,360,360,0,0
sj005,CN14_Infant_StickyBall,1,390,390,210,210,0,0
sj005,AL38_Infant_Slinky,1,449,398,269,269,0,0
sj005,SA03_Adult_GreenTube,1,450,363,270,270,0,0
sj005,HH09_Adult_TwistyGlasses,1,360,358,180,180,0,0
sj005,OH29_Infant_MassageRoller,1,480,480,300,300,0,0
sj005,CN14_Infant_StickyBall,2,390,381,210,210,0,0
sj005,SF28_Adult_OballStacker,2,540,418,360,357,0.008333333,0
sj005,SA03_Adult_GreenTube,2,450,429,270,257,0.048148148,0
sj005,AL38_Infant_Slinky,2,449,444,269,269,0,0
sj005,OH29_Infant_MassageRoller,2,480,180,300,126,0.58,1
sj005,HH09_Adult_TwistyGlasses,2,360,301,180,180,0,0
sj005,SF28_Adult_OballStacker,3,540,540,360,360,0,0
sj005,CN14_Infant_StickyBall,3,390,292,210,210,0,0
sj005,AL38_Infant_Slinky,3,449,401,269,247,0.081784387,0
sj005,SA03_Adult_GreenTube,3,450,325,270,270,0,0
sj005,HH09_Adult_TwistyGlasses,3,360,236,180,57,0.683333333,1
sj005,OH29_Infant_MassageRoller,3,480,465,300,300,0,0
sj005,CN14_Infant_StickyBall,4,390,387,210,210,0,0
sj005,SF28_Adult_OballStacker,4,540,486,360,306,0.15,0
sj005,SA03_Adult_GreenTube,4,450,447,270,270,0,0
sj005,AL38_Infant_Slinky,4,449,389,269,269,0,0
sj005,OH29_Infant_MassageRoller,4,480,463,300,300,0,0
sj005,HH09_Adult_TwistyGlasses,4,360,350,180,179,0.005555556,0
sj005,SF28_Adult_OballStacker,5,540,539,360,360,0,0
sj005,CN14_Infant_StickyBall,5,390,390,210,210,0,0
sj005,AL38_Infant_Slinky,5,449,449,269,269,0,0
sj005,SA03_Adult_GreenTube,5,450,447,270,267,0.011111111,0
sj005,HH09_Adult_TwistyGlasses,5,360,249,180,180,0,0
sj005,OH29_Infant_MassageRoller,5,480,457,300,286,0.046666667,0
sj005,CN14_Infant_StickyBall,6,390,310,210,196,0.066666667,0
sj005,SF28_Adult_OballStacker,6,540,540,360,360,0,0
sj005,SA03_Adult_GreenTube,6,450,367,270,243,0.1,0
sj005,AL38_Infant_Slinky,6,449,313,269,164,0.390334572,0
sj005,OH29_Infant_MassageRoller,6,480,379,300,236,0.213333333,0
sj005,HH09_Adult_TwistyGlasses,6,360,359,180,180,0,0
sl018,SA03_Adult_GreenTube,1,450,445,270,268,0.007407407,0
sl018,AL38_Infant_Slinky,1,449,442,269,262,0.026022305,0
sl018,OH29_Infant_MassageRoller,1,480,480,300,300,0,0
sl018,HH09_Adult_TwistyGlasses,1,360,344,180,166,0.077777778,0
sl018,SF28_Adult_OballStacker,1,540,516,360,336,0.066666667,0
sl018,CN14_Infant_StickyBall,1,390,390,210,210,0,0
sl018,AL38_Infant_Slinky,2,449,449,269,269,0,0
sl018,SA03_Adult_GreenTube,2,450,442,270,270,0,0
sl018,HH09_Adult_TwistyGlasses,2,360,347,180,175,0.027777778,0
sl018,OH29_Infant_MassageRoller,2,480,414,300,300,0,0
sl018,CN14_Infant_StickyBall,2,390,369,210,210,0,0
sl018,SF28_Adult_OballStacker,2,540,540,360,360,0,0
sl018,SA03_Adult_GreenTube,3,450,448,270,268,0.007407407,0
sl018,AL38_Infant_Slinky,3,449,362,269,182,0.323420074,0
sl018,OH29_Infant_MassageRoller,3,480,324,300,148,0.506666667,1
sl018,HH09_Adult_TwistyGlasses,3,360,289,180,170,0.055555556,0
sl018,SF28_Adult_OballStacker,3,540,453,360,345,0.041666667,0
sl018,CN14_Infant_StickyBall,3,390,291,210,210,0,0
sl018,AL38_Infant_Slinky,4,449,413,269,264,0.018587361,0
sl018,SA03_Adult_GreenTube,4,450,270,270,165,0.388888889,0
sl018,HH09_Adult_TwistyGlasses,4,360,274,180,129,0.283333333,0
sl018,OH29_Infant_MassageRoller,4,480,372,300,260,0.133333333,0
sl018,CN14_Infant_StickyBall,4,390,292,210,183,0.128571429,0
sl018,SF28_Adult_OballStacker,4,540,383,360,324,0.1,0
sl018,SA03_Adult_GreenTube,5,450,321,270,164,0.392592593,0
va036,HH09_Adult_TwistyGlasses,1,360,360,180,180,0,0
va036,AL38_Infant_Slinky,1,449,449,269,269,0,0
va036,OH29_Infant_MassageRoller,1,480,480,300,300,0,0
va036,SA03_Adult_GreenTube,1,450,448,270,270,0,0
va036,SF28_Adult_OballStacker,1,540,535,360,356,0.011111111,0
va036,CN14_Infant_StickyBall,1,390,377,210,210,0,0
va036,CN14_Infant_StickyBall,2,390,363,210,210,0,0
va036,HH09_Adult_TwistyGlasses,2,360,360,180,180,0,0
va036,SA03_Adult_GreenTube,2,450,344,270,201,0.255555556,0
va036,OH29_Infant_MassageRoller,2,480,480,300,300,0,0
va036,AL38_Infant_Slinky,2,449,424,269,269,0,0
va036,SF28_Adult_OballStacker,2,540,328,360,182,0.494444444,0
va036,HH09_Adult_TwistyGlasses,3,360,312,180,173,0.038888889,0
va036,AL38_Infant_Slinky,3,449,431,269,264,0.018587361,0
va036,OH29_Infant_MassageRoller,3,480,480,300,300,0,0
va036,SA03_Adult_GreenTube,3,450,422,270,259,0.040740741,0
va036,SF28_Adult_OballStacker,3,540,512,360,360,0,0
va036,CN14_Infant_StickyBall,3,390,388,210,210,0,0
va036,CN14_Infant_StickyBall,4,390,389,210,210,0,0
va036,HH09_Adult_TwistyGlasses,4,360,360,180,180,0,0
va036,SA03_Adult_GreenTube,4,450,417,270,247,0.085185185,0
va036,OH29_Infant_MassageRoller,4,480,396,300,229,0.236666667,0
va036,AL38_Infant_Slinky,4,449,304,269,214,0.204460967,0
va036,SF28_Adult_OballStacker,4,540,466,360,350,0.027777778,0
va036,HH09_Adult_TwistyGlasses,5,360,358,180,180,0,0
va036,AL38_Infant_Slinky,5,449,435,269,269,0,0
va036,OH29_Infant_MassageRoller,5,480,456,300,300,0,0
va036,SA03_Adult_GreenTube,5,450,440,270,270,0,0
va036,SF28_Adult_OballStacker,5,540,395,360,254,0.294444444,0
va036,CN14_Infant_StickyBall,5,390,371,210,210,0,0
va036,CN14_Infant_StickyBall,6,390,387,210,210,0,0
va036,HH09_Adult_TwistyGlasses,6,360,331,180,180,0,0
va036,SA03_Adult_GreenTube,6,450,340,270,229,0.151851852,0
va036,OH29_Infant_MassageRoller,6,480,479,300,300,0,0
va036,AL38_Infant_Slinky,6,449,443,269,269,0,0
va036,SF28_Adult_OballStacker,6,540,517,360,353,0.019444444,0
ve013,CN14_Infant_StickyBall,1,390,390,210,210,0,0
ve013,SA03_Adult_GreenTube,1,450,407,270,268,0.007407407,0
ve013,HH09_Adult_TwistyGlasses,1,360,304,180,180,0,0
ve013,OH29_Infant_MassageRoller,1,480,480,300,300,0,0
ve013,AL38_Infant_Slinky,1,449,351,269,269,0,0
ve013,SF28_Adult_OballStacker,1,540,474,360,351,0.025,0
ve013,SA03_Adult_GreenTube,2,450,450,270,270,0,0
ve013,CN14_Infant_StickyBall,2,390,389,210,210,0,0
ve013,OH29_Infant_MassageRoller,2,480,480,300,300,0,0
ve013,HH09_Adult_TwistyGlasses,2,360,357,180,180,0,0
ve013,SF28_Adult_OballStacker,2,540,537,360,360,0,0
ve013,AL38_Infant_Slinky,2,449,408,269,269,0,0
ve013,CN14_Infant_StickyBall,3,390,386,210,207,0.014285714,0
ve013,SA03_Adult_GreenTube,3,450,450,270,270,0,0
ve013,HH09_Adult_TwistyGlasses,3,360,351,180,178,0.011111111,0
ve013,OH29_Infant_MassageRoller,3,480,457,300,300,0,0
ve013,AL38_Infant_Slinky,3,449,392,269,221,0.178438662,0
ve013,SF28_Adult_OballStacker,3,540,496,360,360,0,0
ve013,SA03_Adult_GreenTube,4,450,446,270,270,0,0
ve013,CN14_Infant_StickyBall,4,390,383,210,210,0,0
ve013,OH29_Infant_MassageRoller,4,480,476,300,298,0.006666667,0
ve013,HH09_Adult_TwistyGlasses,4,360,310,180,176,0.022222222,0
ve013,SF28_Adult_OballStacker,4,540,499,360,358,0.005555556,0
ve013,AL38_Infant_Slinky,4,449,442,269,269,0,0
ve013,CN14_Infant_StickyBall,5,390,358,210,210,0,0
ve013,SA03_Adult_GreenTube,5,450,389,270,270,0,0
ve013,HH09_Adult_TwistyGlasses,5,360,344,180,166,0.077777778,0
ve013,OH29_Infant_MassageRoller,5,480,361,300,300,0,0
ve013,AL38_Infant_Slinky,5,449,345,269,216,0.197026022,0
ve013,SF28_Adult_OballStacker,5,540,517,360,360,0,0
ve013,SA03_Adult_GreenTube,6,450,449,270,270,0,0
ve013,CN14_Infant_StickyBall,6,390,358,210,210,0,0
ve013,OH29_Infant_MassageRoller,6,480,431,300,283,0.056666667,0
ve013,HH09_Adult_TwistyGlasses,6,360,309,180,169,0.061111111,0
ve013,SF28_Adult_OballStacker,6,540,539,360,360,0,0
ve013,AL38_Infant_Slinky,6,449,405,269,258,0.040892193,0
vj026,SA03_Infant_GreenTube,1,450,443,270,267,0.011111111,0
vj026,AL38_Adult_Slinky,1,449,404,269,230,0.144981413,0
vj026,CN14_Adult_StickyBall,1,390,390,210,210,0,0
vj026,HH09_Infant_TwistyGlasses,1,360,349,180,180,0,0
vj026,SF28_Infant_OballStacker,1,540,502,360,360,0,0
vj026,OH29_Adult_MassageRoller,1,480,477,300,300,0,0
vj026,AL38_Adult_Slinky,2,449,440,269,269,0,0
vj026,SA03_Infant_GreenTube,2,450,436,270,270,0,0
vj026,HH09_Infant_TwistyGlasses,2,360,320,180,180,0,0
vj026,CN14_Adult_StickyBall,2,390,353,210,202,0.038095238,0
vj026,OH29_Adult_MassageRoller,2,480,477,300,300,0,0
vj026,SF28_Infant_OballStacker,2,540,530,360,360,0,0
vj026,SA03_Infant_GreenTube,3,450,446,270,270,0,0
vj026,AL38_Adult_Slinky,3,449,424,269,253,0.059479554,0
vj026,CN14_Adult_StickyBall,3,390,386,210,210,0,0
vj026,HH09_Infant_TwistyGlasses,3,360,353,180,180,0,0
vj026,SF28_Infant_OballStacker,3,540,518,360,351,0.025,0
vj026,OH29_Adult_MassageRoller,3,480,345,300,180,0.4,0
vj026,AL38_Adult_Slinky,4,449,416,269,247,0.081784387,0
vj026,SA03_Infant_GreenTube,4,450,447,270,270,0,0
vj026,HH09_Infant_TwistyGlasses,4,360,353,180,180,0,0
vj026,CN14_Adult_StickyBall,4,390,385,210,210,0,0
vj026,OH29_Adult_MassageRoller,4,480,468,300,289,0.036666667,0
vj026,SF28_Infant_OballStacker,4,540,511,360,335,0.069444444,0
vj026,SA03_Infant_GreenTube,5,450,440,270,270,0,0
vj026,AL38_Adult_Slinky,5,449,384,269,204,0.241635688,0
vj026,CN14_Adult_StickyBall,5,390,296,210,130,0.380952381,0
vj026,HH09_Infant_TwistyGlasses,5,360,360,180,180,0,0
vj026,SF28_Infant_OballStacker,5,540,482,360,302,0.161111111,0
vj026,OH29_Adult_MassageRoller,5,480,478,300,300,0,0
vj026,AL38_Adult_Slinky,6,449,428,269,252,0.063197026,0
vj026,SA03_Infant_GreenTube,6,450,450,270,270,0,0
vj026,HH09_Infant_TwistyGlasses,6,360,358,180,180,0,0
vj026,CN14_Adult_StickyBall,6,390,368,210,206,0.019047619,0
vj026,OH29_Adult_MassageRoller,6,480,425,300,272,0.093333333,0
vj026,SF28_Infant_OballStacker,6,540,530,360,352,0.022222222,0
wp019,SA03_Infant_GreenTube,1,450,430,270,264,0.022222222,0
wp019,AL38_Adult_Slinky,1,449,439,269,269,0,0
wp019,CN14_Adult_StickyBall,1,390,377,210,206,0.019047619,0
wp019,HH09_Infant_TwistyGlasses,1,360,337,180,175,0.027777778,0
wp019,SF28_Infant_OballStacker,1,540,512,360,347,0.036111111,0
wp019,OH29_Adult_MassageRoller,1,480,459,300,300,0,0
wp019,AL38_Adult_Slinky,2,449,436,269,268,0.003717472,0
wp019,SA03_Infant_GreenTube,2,450,431,270,270,0,0
wp019,HH09_Infant_TwistyGlasses,2,360,353,180,180,0,0
wp019,CN14_Adult_StickyBall,2,390,373,210,207,0.014285714,0
wp019,OH29_Adult_MassageRoller,2,480,285,300,247,0.176666667,0
wp019,SF28_Infant_OballStacker,2,540,458,360,292,0.188888889,0
wp019,SA03_Infant_GreenTube,3,450,431,270,270,0,0
wp019,AL38_Adult_Slinky,3,449,433,269,264,0.018587361,0
wp019,CN14_Adult_StickyBall,3,390,365,210,209,0.004761905,0
wp019,HH09_Infant_TwistyGlasses,3,360,342,180,176,0.022222222,0
wp019,SF28_Infant_OballStacker,3,540,518,360,360,0,0
wp019,OH29_Adult_MassageRoller,3,480,458,300,300,0,0
wp019,AL38_Adult_Slinky,4,449,436,269,269,0,0
wp019,SA03_Infant_GreenTube,4,450,441,270,270,0,0
wp019,HH09_Infant_TwistyGlasses,4,360,351,180,180,0,0
wp019,CN14_Adult_StickyBall,4,390,366,210,210,0,0
wp019,OH29_Adult_MassageRoller,4,480,374,300,251,0.163333333,0
wp019,SF28_Infant_OballStacker,4,540,404,360,307,0.147222222,0
wp019,SA03_Infant_GreenTube,5,450,437,270,270,0,0
wp019,AL38_Adult_Slinky,5,449,347,269,195,0.275092937,0
wp019,CN14_Adult_StickyBall,5,390,280,210,179,0.147619048,0
wp019,HH09_Infant_TwistyGlasses,5,360,275,180,171,0.05,0
wp019,SF28_Infant_OballStacker,5,540,472,360,360,0,0
wp019,OH29_Adult_MassageRoller,5,480,352,300,287,0.043333333,0
wp019,AL38_Adult_Slinky,6,449,370,269,250,0.07063197,0
wp019,SA03_Infant_GreenTube,6,450,358,270,270,0,0
wp019,HH09_Infant_TwistyGlasses,6,360,349,180,176,0.022222222,0
wp019,CN14_Adult_StickyBall,6,390,356,210,190,0.095238095,0
wp019,OH29_Adult_MassageRoller,6,480,473,300,300,0,0
wp019,SF28_Infant_OballStacker,6,540,507,360,360,0,0
wr030,SF28_Adult_OballStacker,1,540,520,360,360,0,0
wr030,CN14_Infant_StickyBall,1,390,383,210,203,0.033333333,0
wr030,OH29_Infant_MassageRoller,1,480,333,300,230,0.233333333,0
wr030,SA03_Adult_GreenTube,1,450,182,270,53,0.803703704,1
wr030,HH09_Adult_TwistyGlasses,1,360,348,180,180,0,0
wr030,AL38_Infant_Slinky,1,449,222,269,95,0.646840149,1
wr030,CN14_Infant_StickyBall,2,390,385,210,210,0,0
wr030,SF28_Adult_OballStacker,2,540,514,360,360,0,0
wr030,SA03_Adult_GreenTube,2,450,348,270,168,0.377777778,0
wr030,OH29_Infant_MassageRoller,2,480,402,300,246,0.18,0
wr030,AL38_Infant_Slinky,2,449,295,269,175,0.349442379,0
wr030,HH09_Adult_TwistyGlasses,2,360,246,180,91,0.494444444,0
wr030,SF28_Adult_OballStacker,3,540,244,360,144,0.6,1
wr030,CN14_Infant_StickyBall,3,390,385,210,205,0.023809524,0
wr030,OH29_Infant_MassageRoller,3,480,444,300,292,0.026666667,0
wr030,SA03_Adult_GreenTube,3,450,256,270,81,0.7,1
wr030,HH09_Adult_TwistyGlasses,3,360,4,180,3,0.983333333,1
wr030,AL38_Infant_Slinky,3,449,45,269,42,0.843866171,1
wr030,CN14_Infant_StickyBall,4,390,390,210,210,0,0
wr030,SF28_Adult_OballStacker,4,540,137,360,133,0.630555556,1
wr030,SA03_Adult_GreenTube,4,450,103,270,100,0.62962963,1
wr030,OH29_Infant_MassageRoller,4,480,213,300,200,0.333333333,0
wr030,AL38_Infant_Slinky,4,449,233,269,171,0.364312268,0
wr030,HH09_Adult_TwistyGlasses,4,360,303,180,180,0,0
wr030,SF28_Adult_OballStacker,5,540,475,360,360,0,0
wr030,CN14_Infant_StickyBall,5,390,365,210,210,0,0
wr030,OH29_Infant_MassageRoller,5,480,335,300,300,0,0
wr030,SA03_Adult_GreenTube,5,450,309,270,192,0.288888889,0
wr030,HH09_Adult_TwistyGlasses,5,360,230,180,180,0,0
wr030,AL38_Infant_Slinky,5,449,195,269,82,0.695167286,1
wr030,CN14_Infant_StickyBall,6,390,358,210,210,0,0
wr030,SF28_Adult_OballStacker,6,540,462,360,355,0.013888889,0
wr030,SA03_Adult_GreenTube,6,450,83,270,29,0.892592593,1
wr030,OH29_Infant_MassageRoller,6,480,399,300,300,0,0
wr030,AL38_Infant_Slinky,6,449,355,269,260,0.033457249,0
wr030,HH09_Adult_TwistyGlasses,6,360,46,180,37,0.794444444,1